name,latitude,longitude,ndbi
ASHTA 2,42.01168611,19.55194167,0.30874038
Banja / Banjë,40.96,20.068,0.33673292
Bele 1/2,42.06903611,20.46006667,0.00078614504
Bishnica 1/2,39.9169,20.1374,-0.16523579
Bistrica 1,39.9116,20.1047,-0.06187804
Cernaleve 1/2,42.02941667,20.55555278,-0.13311225
Fangu,41.705833,19.770278,-0.056490082
Fierza,42.2514,20.0431,0.49251923
Ftere 1,40.11119167,19.87758889,-0.15780342
Holta,40.92728056,20.22091667,-0.09968966
Koman,42.1033,19.8224,0.1070969
Lanabregas,41.3428,19.8964,-0.08016463
Langarica 1/2/3,40.3098,20.47698056,0.030606173
Lenie,40.76601389,20.39604444,-0.21635474
Lura 1/3,41.81460833,20.21796944,-0.06457559
Moglicë,40.6939862,20.439501,0.13684605
Oresheke,42.02874167,20.53076389,-0.10507516
Peshqesh,41.705833,19.770278,-0.056490082
Pobreg,42.085925,19.79325278,-0.20320244
Prelle,41.69380833,20.0131694,-0.117811546
Qarrishta 1,41.21956111,20.30383333,-0.118042715Rajan 1/2
Shkalle,41.579025,20.12165833,-0.0120314285
Shkopet,41.6796,19.8305,-0.17949013
Sllabinje,40.96899722,20.51337222,-0.12322683
Stravaj 2,41.0057,20.425,-0.16714092
Topojan 1/2,41.98756111,20.52793889,-0.08823397
Ulez,41.6796,19.8936,0.21548745
Vau i Dijes,42.0137,19.6359,0.1680429
Vlushe,40.506225,20.310079,-0.04910237
Argel,40.3786,44.6069,-0.02824899
Arzni,40.2968,44.5875,-0.06932677
Harzdan,40.5078,44.7606,-0.051253058
Qanaqer HPP,40.2226,44.5134,-0.13044192
Sevan,40.5522,44.9513,-0.06362748
Shamb,39.4743,46.1306,0.021591702
Spandaryan,39.6494,45.85,0.053024255
Tatev,39.3956,46.2578,-0.02721218
Yerevan-1 HPP,40.191,44.484,-0.028869605
Yerevan-3 HPP,40.1642,44.5009,-0.14069235
Abwinden-Asten,48.248,14.4305,-0.07352395
Altenmarkt,47.71944444,14.67222222,-0.046405144
Altenwörth Altenwoerth-KW - Altenwoerth Hydroelectric Power Plant Austria,48.374728,15.855343,0.037362047
Annabrücke Annabruecke Hydroelectric Power Plant Austria - Annabruecke Hydroelectric Power Plant Austria,46.561407,14.479829,-0.007882228
Arnstein,47.0167,15.1667,-0.3038277
Aschach,48.3853,14.023,-0.06260431
Bischofshofen,47.407,13.2205,-0.117815636
Bodendorf mur,47.107688,14.065071,-0.15910465
Bodendorf paal,47.107717,14.065156,-0.16089743
Braunau-Simbach,48.244,13.006,-0.47363642
Brennerwerk-M1,47.126999,11.453,0.012943889
Bärenwerk,47.2166667,12.8166667,-0.2259808
Böckstein,47.79940564,13.04399014,0.11635412
Bösdornau Boesdornau-KW - Boesdornau Hydroelectric Power Plant Austria,47.15192,11.833298,-0.13484795
Debant_1-M1,48.257999,16.389999,-0.0016219376
Dießbach,47.5166667,12.8333333,-0.19075477
Dionysen,47.41,15.214,-0.17594613
Dorferbach-KW,47.02,12.362,-0.23609449
Edling Edling-KW - Edling Hydroelectric Power Plant Austria,46.628959,14.701371,-0.017465891
Ering-Frauenstein,48.29207045,13.1589383,-0.12411738
Feistritz-Ludmannsdorf,46.5347,14.1712,0.034136377
Feldkirchen,46.8638,13.3355,0.00012509308
Feldsee Kraftwerk Feldsee - Feldsee Pumped Storage Power Plant Austria,46.9985746,13.0418733,0.16768163
Ferlach Maria Rain,46.5462,14.2985,0.0070940237
Fisching,47.1743,14.723143,-0.27112865
Friesach,47.186513,15.336014,-0.0898349
Funsingau,47.2354,12.0583,-0.23624101
Gabersdorf,46.7772,15.5842,-0.11542874
Gaming,48.1766,16.4813,-0.09463297
Gamp,47.6833333,13.1,0.028642807
"Garsten st, ulrich",48.018488,14.411714,0.025418252
Gemeinschaftskraftwerk inn,47.062954,10.662868,-0.27389398
Gerlos,47.2342,11.8997,-0.079941526
Gmuend-Speicher,47.932999,13.797,-0.06448247
Gralla,46.828285,15.566222,-0.04983831
Gratkorn,47.1333,15.35,-0.20572488
Graz puntigam,47.039749,15.442537,0.050340228
Greifenstein,48.3553,16.2424,-0.035739638
Gries,47.287673,12.885052,-0.15621187
Großraming,47.892954,14.512341,0.013909589
Gunggl,47.09048,11.792702,-0.28770941
Gössendorf,46.997841,15.467519,0.011803281
Heinfels-M1,46.748001,12.434,-0.19769143
Hieflau,47.6,14.7333,-0.35071465
Hierzman-Speicher,47.016998,15.125,-0.30706295
Hintermuhr,47.79940564,13.04399014,0.11635412
Häusling Haeusling-KW - Haeusling Pumped Storage Power Plant Austria,47.146432,11.967219,-0.22442876
Imst,47.212246,10.721519,-0.10369074
Jochenstein,48.5184,13.7076,-0.040461224
KW Amlach,46.8142,12.7618,-0.11465567
KW Jenbach,47.3932,11.7886,0.06848938
KW Kaunertal,47.0678,10.6652,-0.051635362
KW Kühtai,47.2078,11.0057,-0.14036229
KW Silz,47.2696,10.9678,-0.06687346
Kalsdorf,46.944097,15.50363,-0.0666506
Kalserbach-M1,46.923,12.601,-0.15611313
Kaprun Limberg II,47.1985,12.7223,-0.30817086
Kaprun Oberstufe,47.1968,12.7192,0.047952406
Kaprun main stage,47.2591,12.7389,-0.2414127
Kellerberg,46.67,13.6886,-0.35590366
Kirchbichl-M1,47.515999,12.088,-0.08536567
Klaus,47.8314,14.1572,-0.12728298
Kopswerk I - Kops I Hydroelectric Power Plant Austria,46.976121,10.05145,-0.3675055
Kopswerk II,46.975,10.043,-0.18459293
Koralpe Koralpe Pumped Storage Power Plant Austria - Koralpe Pumped Storage Power Plant Austria,46.6407766,14.9488018,-0.10414976
Kraftwerk Alberschwende,47.470464,9.862094,-0.26692113
Kraftwerk Kamering,46.738998,13.594,-0.20630258
Kraftwerk Oschenik,46.987999,13.106,0.009436679
Kraftwerk Schuett,46.570999,13.722,-0.12667398
Kraftwerk Woella,46.875,13.138,0.07365106
Kraftwerk Wurten,46.987999,13.106,0.009436679
Kraftwerk Zirknitz,47.009998,13.01,-0.0702368
Kraftwerk außerfragant Kraftwerk Ausserfragant,46.9380556,13.1097222,-0.26187822
Kreuzbergmaut,47.4412,13.2108,-0.09275349
Kreuzeck days storage,46.8727,13.3117,-0.10875895
Krippau,47.703511,14.689298,-0.104545444
Landl,47.651131,14.750286,-0.18011057
Langkampfen-M1,47.560001,12.139,-0.13168555
Latschau Latschau Hydroelectric Power Plant Austria - Latschau Hydroelectric Power Plant Austria,47.0739,9.8749,0.06832674
Laufnitzdorf,47.3,15.3167,-0.37939394
Lavamünd Lavamuend-KW - Lavamuend Hydroelectric Power Plant Austria,46.643429,14.937028,-0.007572346
Lebring,46.8522,15.5383,-0.14602256
Leoben,47.3833,15.1,-0.077656485
Losenstein,47.9243,14.4367,-0.2124439
Lünerseewerk,47.074,9.874,0.038427822
Malta Secondary school,47.0659,13.3539,-0.116420776
Malta main stage,47.0659,13.3539,-0.116420776
Malta unterstufe Malta-Unterstufe-KW - Malta Unterstufe (Moellbruecke) Hydroelectric Power Plant Austria,46.8332,13.360071,-0.21589121
Mandling,47.4,13.5667,-0.3173574
Mayrhofen,47.1581,11.8501,0.0031371766
Melk,48.2232,15.3042,-0.059082396
Mellach run power plant,46.910999,15.486,-0.020869693
Mühlrading,48.131686,14.473996,0.043146785
Nassfeld,47.05,13.05,-0.21424916
Neuötting,48.2497963,12.69110217,-0.12753676
Niklai,46.8167,13.3167,-0.28879628
Nussdorf near Vienna,48.259257,16.369185,-0.030313745
Oberaudorf Ebbs,47.6413,12.1989,-0.05789856
Obervermuntwerk,46.9271,10.0539,-0.1250891
Obervermuntwerk II,46.936111,10.0625,-0.18549018
Obervogau,46.745776,15.571428,-0.13203906
Oschenik innerfragant Innerfragant Pumped Storage Power Plant Austria - Innerfragant Pumped Storage Power Plant Austria,47.1374819,12.3273397,-0.7996624
Ottensheim-Wilhering,48.3166,14.1512,-0.09578588
Passau-Ingling,48.5536,13.4371,-0.34576982
Paternion,46.7209,13.6453,-0.06732179
Peggau,47.2,15.35,-0.11917447
Pernegg,47.3598,15.3424,-0.14565057
Pichlern,48.022415,14.322989,-0.06825044
Pöls,47.217744,14.599075,-0.2256399
Rabenstein,47.251148,15.31034,-0.12149242
Reisseck Reisseck-Jahresspeicher-KW - Kolbnitz (Reisseck/Kreuzeck) Hydroelectric Power Plant Austria,46.89411184,13.34315198,-0.14576563
Reißeck-Tagesspeicher-KW,46.87297136,13.31180113,-0.13355947
Rellswerk,47.0531826,9.7529724,0.4437411
Remsach,47.1333333,13.1333333,-0.24085937
Rifawerk Rifa Pumped Storage Power Plant Austria - Rifa Pumped Storage Power Plant Austria,46.9782553,10.0383768,-0.24576382
Rodundwerk I,47.085,9.8813,0.015210916
Rodundwerk II,47.0847,9.8744,-0.069422975
Rosegg-St. James,46.5696,14.0268,-0.16464533
Rosenau,47.992886,14.376871,0.033446793
Rott,47.79940564,13.04399014,0.11635412
Roßhag Rosshag-KW - Rosshag Pumped Storage Power Plant Austria,47.086876,11.774061,-0.27818453
Salza,47.491345,13.956943,-0.30344984
Schonau,47.775426,14.650605,0.02991629
Schwabeck,46.658,14.8726,0.0006439453
Schwarzach,47.3152,13.1389,-0.08422411
Schwarzach-KW,46.929001,12.545,-0.24357876
Schärding neuhaus,48.4355526,13.44094485,-0.16178545
Sidan-KW,47.348999,11.885,-0.3410698
Soelk-KW,47.433998,13.949,-0.21174897
Spielfeld,46.716449,15.62127,-0.10290985
St. Georgen,47.104453,14.087593,-0.19953234
St. Johann,47.3386,13.1974,-0.12858227
St. Martin,46.987392,15.091178,-0.22380498
St. Pantaleon,48.224936,14.53116,-0.06292352
St. Veit,47.3214,13.1744,-0.13921289
Staning,48.098607,14.468763,0.044662755
Strubklamm,47.79940564,13.04399014,0.11635412
Ternberg,47.9333,14.35,-0.2989294
Triebenbach,47.5,14.4667,-0.2777978
Urreiting,47.3749,13.2101,-0.11264314
Vermuntwerk,46.9684,10.0599,-0.19787665
Vienna-Freudenau,48.1766,16.0,-0.24419068
Villach,46.6329,13.8294,-0.066266455
Wald,47.9044444,13.0263889,-0.18150353
Walgauwerk,47.192,9.6815,-0.1780354
Wallnerau Salzach stage,47.316,13.141,-0.13585864
Wallnerau underwater stage,47.31554,13.140946,-0.10459676
Wallsee-Mitterkirchen,48.1666,14.6953,-0.020939618
Weinzödl,47.108388,15.392094,-0.07109685
Werfen-Pfarrwerfen,47.4698,13.1945,-0.05252309
Weyer,47.84903023,14.63882788,0.009879158
Wiestal,47.79940564,13.04399014,0.11635412
Ybbs-Persenbeug,48.1892,15.0682,-0.06675982
Zederhaus,47.15,13.5,-0.37128112
Mingechevir,40.79,47.0287,0.062271345
Shamkir,40.9487,46.168,0.070634715
Varvara,40.6837,47.0926,0.16590916
Yenikend,40.9193,46.2829,0.08753634
Beverce robertville Beverce (Robertville) Hydroelectric Power Project Belgium - Beverce (Robertville) Hydroelectric Power Project Belgium,50.4387,6.0386,-0.21942763
COO,50.3849,5.8618,-0.1510643
HEID-DE-GOREUX 1,50.426,5.7328,-0.19979258
HU AMPSIN-NEUVILLE,50.5335,5.2962,0.016940527
HU ANDENNE,50.4928,5.07,-0.03491717
HU GRAND-MALADES,50.4665,4.8992,0.055978563
HU IVOZ-RAMET,50.5922,5.4613,0.027626917
HU LIXHE,50.7517,5.6863,0.035277165
HU MONSIN,50.6517,5.6308,-0.05791877
PLATE TAILLE T,50.1884,4.3861,0.078998685
Bocac Hydroelectric Power Plant Bosnia and Herzegovina,44.5075,17.1618,0.1887854
Capljina Pumped Storage Power Plant Bosnia and Herzegovina,43.0133,17.8041,-0.009876519
Grabovica Hydroelectric Power Plant Bosnia and Herzegovina,43.5872,17.7189,0.16778407
Jablanica Hydroelectric Power Plant Bosnia and Herzegovina,43.6924,17.7325,0.33146027
Jajce I Hidroelektrana Bosnia and Herzegovina,44.3774,17.2816,-0.19750977
Jajce II Hidroelektrana Bosnia and Herzegovin,44.4279,17.2404,-0.19776212
Krupa Hydroelectric Power Plant Bosnia and Herzegovina,44.5624,17.135,-0.10451343
Mostar Hydroelectric Power Plant Bosnia and Herzegovina,43.3776,17.8449,0.21850927
Mostarsko Blato Hydroelectric Power Plant Bosnia and Herzegovina,43.2989,17.794,-0.076084465
Pec Mlini Hydroelectric Power Plant Bosnia and Herzegovina,43.3375,17.3261,-0.115888126
Rama Hydroelectric Power Plant Bosnia and Herzegovina,43.747,17.6758,-0.13001172
Salakovac Hydroelectric Power Plant Bosnia and Herzegovina,43.4478,17.8369,0.20839158
Trebinje I Hydroelectric Power Plant Bosnia and Herzegovina,42.7338,18.4971,0.2411878
Trebinje II Hydroelectric Power Plant Bosnia and Herzegovina,42.7066,18.3805,0.14553344
Visegrad Hydroelectric Power Plant Bosnia and Herzegovina,43.7603,19.2891,0.31300402
Aleko Aleko Hydroelectric Power Plant Bulgaria - Aleko Hydroelectric Power Plant Bulgaria,42.1194,24.289,-0.0051517882
Alexander Stambolyski Hydro Power Site,43.1213,25.171,0.12962568
Barzia HPP,43.19,23.167,-0.30917472
Batak Batak Hydroelectric Power Plant Bulgaria - Batak Hydroelectric Power Plant Bulgaria,41.91922,24.19305,-0.19196019
Beli Iskar + Mala Tsarkva + Simeonovo HPP,42.1373,23.5691,-0.119335294
Devin Devin Hydroelectric Power Plant Bulgaria - Devin Hydroelectric Power Plant Bulgaria,41.72052,24.42502,-0.0019787475
HPP Tsankov kamak,41.83225,24.42183,0.04755804
IVAILOVGRAD,41.5839,26.1075,0.107990794
KARDZHALI,41.6334,25.3381,-0.03063454
Kalin + Kamenitsa + Pastra + Rila HPP,42.07,23.13,-0.2602321
Klisoura HPP,43.16859,23.15498,-0.078215376
Kokalyane HPP,42.58398,23.42819,-0.16574365
Koprinka HPP (Kaplan),42.6125,25.3198,0.08627495
Krichim + Vacha I + Vacha II Hydro Power Plant,42.02719,24.47085,-0.09549737
Lilyanovo,41.62674,23.33449,-0.2121552
MOMINA KLISU,42.232,23.9494,-0.08347269
Orphey Orfeus bulgeria HPP_ORFEUS_PUMP - Orfeus Pumped Storage Hydroelectric Power Plant Bulgeria,41.94027778,24.44666667,0.24601695
PESHTERA,42.0132,24.2574,-0.11635823
PSBELMEKEN,42.1996,23.8586,-0.026339997
PSCHAIRA GEN,42.1603,23.8612,-0.22849467
Pasarel Hydro Power Station,42.5441,23.4861,-0.1760491
Petrohan HPP,43.12,23.12,-0.22162382
Pirin HPP,41.5745,23.5626,-0.26280746
Popina Laka,41.65627,23.3754,-0.2512166
SESTRIMO,42.2083,23.9158,-0.05511732
Sandanski I,41.58536,23.2905,-0.1924411
Spanchevo HPP,41.56265,23.56559,-0.2023028
Stara Zagora HPP,42.4452,25.6364,-0.09464597
Studen kladenets Studen Kladenets Hydroelectric Power Plant Bulgaria - Studen Kladenets Hydroelectric Power Plant Bulgaria,41.61227,25.64052,0.11685129
Teshel Teshel Hydroelectric Power Plant Bulgaria - Teshel Hydroelectric Power Plant Bulgaria,41.6428,24.153,0.21901155
Cakovec Hydroelectric Power Plant Croatia Croatia,46.3113,16.4945,0.07185149
Djale Hydroelectric Power Plant Croatia,43.5745,16.7115,0.09697445
Dubrava Hydroelectric Power Plant Croatia Croatia,46.3205,16.7489,0.08871041
Dubrovnik Hydroelectric Power Plant Bosnia and Herzegovina,42.6037,18.2357,-0.06911361
Fužine,45.3049852,14.7148369,-0.049451403
Gojak Hydroelectric Power Plant Croatia Croatia,45.2989,15.2633,-0.18057741
Golubic Hydroelectric Power Plant Croatia Croatia,44.09,16.2204,-0.14415488
HE Rijeka,45.33499908,14.45199966,-0.04491947
Hidroelektrana Velebit / Velebit pump,44.2007328,15.6811168,0.11441702
Jaruga Hydroelectric Power Plant Croatia Croatia,43.805,15.9626,-0.083794296
Kraljevac Hydroelectric Power Plant Croatia,43.4307,16.8849,-0.14273095
Lesce Hydroelectric Power Plant Croatia Croatia,45.3485,15.3452,0.06849141
Maljacka Hydroelectric Power Plant Croatia Croatia,44.0019,16.0192,-0.15092981
Orlovac Hydroelectric Power Plant Croatia,43.6737,16.784,-0.036821064
Ozalj Hydroelectric Power Plant Croatia Croatia,45.6143,15.4778,-0.044481542
Peruca Hydroelectric Power Plant Croatia,43.7951,16.5968,-0.07504721
Senj - Senj Hydroelectric Power System Croatia Croatia,45.009998,14.893,-0.07164212
Senj Hydroelectric Power System Croatia Croatia,44.9429,14.9276,-0.09922722
Sklope Hydroelectric Power Plant Croatia Croatia,44.6895,15.2706,0.14376295
Varazdin Hydroelectric Power Plant Croatia Croatia,46.3479,16.2684,-0.013539075
Vinodol Hydroelectric Power System Croatia Croatia,45.2286,14.6736,-0.11598794
Zakucac Hydroelectric Power Plant Croatia,43.4581,16.7027,-0.1664099
?t?chovice I,49.8465,14.4219,0.07944684
?t?chovice II,49.8465,14.4219,0.07944684
Dale?ice,49.1245,16.1242,-0.06915035
Dlouhé Strán? I,50.0854,17.1794,-0.23866594
Hnevkovice,49.180417,14.447083,-0.13261831
Kamyk republic Kamyk Hydroelectric Power Plant Czech Republic - Kamyk Hydroelectric Power Plant Czech Republic,49.633,14.2468,0.1315437
Lipno I,48.6333,14.2375,-0.0034839797
Nechranice,50.36625,13.412917,-0.024089621
Orlík,49.6066,14.1816,0.14751424
Slapy,49.82354,14.434501,-0.007568854
Slezska Harta,49.89125,17.579583,0.05518402
Strekov republic Strekov Hydroelectric Power Plant Czech Republic - Strekov Hydroelectric Power Plant Czech Republic,50.6386,14.0478,0.04305689
Vir I,49.56625,16.30875,0.1768468
Vrane republic Vrane Hydroelectric Power Plant Czech Republic - Vrane Hydroelectric Power Plant Czech Republic,49.9381,14.3749,0.108362965
Vranov,48.907917,15.817083,0.17087215
Ahvenkoski,60.5,26.5,-0.20666392
Aittokoski,64.8364584,28.85048,-0.0108294375
Alakoski,62.55,29.25,-0.34037837
Anjalankoski,60.69833333,26.81611111,0.08312236
Atro,63.3725,27.98833333,-0.10151581
Finlayson ve,61.5025,23.75944444,0.077580154
Haapakoski,65.3333,25.2833,-0.18290928
Hamari,64.07555556,24.57944444,-0.054563936
Hietamankoski,62.59944444,25.575,-0.10501959
Hilmonkoski,63.06333333,25.33722222,-0.33877608
Hinkua,63.70194444,25.35222222,-0.35957965
Hirvikoski,62.80944444,23.03583333,-0.2702919
Imatra Imatra - Imatra Hydroelectric Power Plant Finland,61.166797,28.774695,0.031624444
Inkeroinen ve,60.71027778,26.81361111,0.011272696
Isohaara,65.797083,24.549583,-0.13116474
Juankoski,63.0675,28.33861111,0.07413304
Jumisko,66.3333,28.15,-0.363817
Juotas,63.5,22.5333,-0.05495256
Jylhama,64.57875,26.76625,-0.33997655
KAVO Koivukoski III,64.22333333,27.78444444,-0.069191694
Kaaranneskoski,66.647,24.4266,-0.18467078
Kaihua,66.35,26.85,-0.32836056
Kaitfors,63.694,23.4009,-0.24191077
Kaltimo,62.807917,30.179583,-0.10147596
Karjalankoski,63.04472222,28.30416667,-0.120706886
Katerman vesivoimalaitos,64.09611111,28.97388889,0.014237349
Kattilakoski,63.47,23.30638889,-0.24038213
Keltti hydropower plant,60.87361111,26.61444444,0.041726258
Kelukoski,67.45555556,26.59833333,0.0060004587
Kierikki,65.35944444,25.91,-0.14910336
Killinkoski,62.4,23.8667,-0.10693124
Kiltua,63.828,27.8391,-0.20654707
Kokkosniva,67.22305556,27.32111111,0.04261781
Kolsi,61.27333333,22.355,0.021443574
Korkeakoski,60.53138889,26.9075,0.03470159
Kuhankoski,62.37583333,25.9475,0.044662416
Kuokkastenkoski,63.54111111,28.95361111,-0.20078324
Kurittukoski,67.85861111,26.71472222,-0.05976094
Kurkiaska,67.285,26.72861111,-0.16050108
Kuurna,62.70527778,29.8725,-0.0032168159
Kuusankoski hydropower plant,60.9075,26.64944444,-0.01914672
LSV Harjavallan vesivoimalaitos,61.33777778,22.11555556,-0.122998245
Leppikoski,64.45555556,27.88722222,-0.044980183
Leuhunkoski,62.66777778,25.26916667,-0.0025633422
Lieksankoski,63.3362,30.03768,-0.11790154
Maalismaa,65.31083333,25.69361111,0.011300186
Mankala,60.92694444,26.26805556,0.041878354
Matarakoski,67.5847,26.7453,0.024559716
Melo,61.462083,23.437917,-0.11244524
Merikoski,65.02166667,25.4825,-0.048881434
Montta,64.82055556,26.01388889,0.04394084
Myllykosken vesivoimalaitos VVA2,60.76694444,26.77111111,0.13353088
Nuojua,64.57722222,26.71361111,0.050546892
Oksava,63.75,25.3333,-0.10622067
Ossauskoski,66.155998,25.125,0.048395466
Pahkakoski,65.35833333,26.03833333,-0.018296136
Palokki,62.56194444,28.625,-0.09365923
Pamilo Heinajoki,62.807917,30.529583,-0.17781313
Pankakoski,63.32638889,30.13805556,0.02229283
Peltokoski,62.42,30.43916667,-0.32879838
Permantokoski,66.4925,26.12722222,-0.07751317
Petajaskoski / Petäjäskoski,66.27222222,25.3375,0.16948824
Pirttikoski,66.33972222,27.15361111,0.08390479
Portimokoski,66.37861111,23.78416667,-0.05702783
Porttipahta,68.10875,26.722083,-0.023477886
Puntarikoski,62.825417,29.475417,-0.19341299
Pyhäkoski,64.84611111,26.04027778,0.078757286
Pälli,64.84333333,26.19388889,-0.118904196
Raasakka,65.33444444,25.41166667,-0.0035844615
Ruskeakoski,62.42694444,30.4425,-0.105791055
Seitakorva,66.40583333,27.33027778,-0.022119693
Seitenoikea,64.59222222,28.41611111,-0.027679974
Tainionkoski Tainionkoski Hydroelectric Power Plant Finland - Tainionkoski Hydroelectric Power Plant Finland,61.210576,28.782635,0.012347863
Taivalkoski,65.931,24.714001,0.040233605
Tammerkoski,61.4991,23.7871,-0.013669371
Tampella ve,61.5037,23.7659,-0.06944596
Tyrvään vesivoimalaitos,61.32861111,22.84694444,0.05507616
Uljua,64.3333,25.85,-0.2826892
Utanen,64.73638889,26.47777778,0.028897125
Vaaja,62.24472222,25.88722222,-0.0988874
Vajukoski,67.69611111,26.80444444,0.0434838
Valajaskoski,66.424004,25.540001,0.051200707
Vanttauskoski,66.36875,26.689583,0.12634332
Verla 1 ja 2,61.06277778,26.63972222,-0.06918667
Voikkaa hydropower plant,60.93833333,26.5975,0.088381946
Vuolenkoski ve,61.07972222,26.1825,0.02219152
 Centrale Hydroéléctrique d'Arrens,42.9474,-0.2179,-0.26606542
Aigle AIGLE 6 - L'Aigle Hydroelectric Generating Station France,45.24373,2.22483,0.21470252
Albaret-le-Comtal,44.8674,3.1442,-0.32334247
Allement Allement Hydroelectric Power Station France - Allement Hydroelectric Power Station France,46.112,5.422,0.108022995
Alrance Alrance Hydroelectric Power Station France - Alrance Hydroelectric Power Station France,44.1035517,2.6946591,0.10987881
Aragnouet,42.7845,0.1782,-0.31122643
Arbéost,42.9795,-0.2738,-0.20965679
Arcambal,44.4548,1.5482,-0.13501275
Argancy,49.1906164,6.1910177,-0.07786325
Argentat Hydroelectric Generating Station - Argentat Hydroelectric Generating Station,45.104,1.954,0.054377355
Argentiere bessee Argentiere-La Bessee Hydroelectric Power Station France - Argentiere-La Bessee Hydroelectric Power Station France,44.79472222,6.55972222,-0.002434666
Argentine,45.4894,6.3328,-0.26254186
Arlos,42.8865,0.7118,-0.11922715
Arreau,42.9143,0.3356,-0.19756138
Artemare,45.8699,5.6901,-0.092666574
Artouste Hydroelectric Power Station France - Artouste Hydroelectric Power Station France,42.887,-0.411,-0.2209044
Arvan,45.25416667,6.32333333,-0.18190835
Arvillard,45.4095,6.1709,-0.35736835
Aston ASTON - Aston Hydroelectric Power Station France,42.77668,1.67671,-0.012429035
Auribeau-sur-Siagne,43.6121,6.9118,-0.24941128
Auterive,43.3594,1.4775,-0.090970285
Auzat,42.76298,1.47771,0.01661513
Auzerette Auzerette Hydroelectric Power Station France - Auzerette Hydroelectric Power Station France,45.365,2.646,-0.060377855
Avignon AVIGNON VILLENEUVE - Avignon  Hydroelectric Power Station France,43.97606,4.81721,0.0797234
Avrieux,45.1776,6.7466,-0.22573557
Badecon-le-Pin/Roche-bat-l'Aigue,46.52972222,1.58138889,-0.16786402
Bagnères-de-Bigorre,42.9745,0.1329,-0.29531178
Baigts-de-Béarn,43.5094649,-0.8416505,-0.02123714
Baix logis neuf BAIX LOGIS NEUF - Logis Neuf Hydroelectric Power Station France,44.67605,4.78827,0.09565835
Banca,43.1001,-1.3716,-0.32786295
Bancairon Bancairon Hydroelectric Power Station France - Bancairon Hydroelectric Power Station France,44.00166667,7.13694444,-0.05864887
Bar,45.34416667,1.82388889,-0.2456192
Beaucens,42.9519,0.0232,0.12519805
Beauchastel BEAUCHASTEL - Beauchastel Hydroelectric Power Station France,44.82397,4.81049,0.07369649
Beaumont Beaumont Hydroelectric Power Station France - Beaumont Hydroelectric Power Station France,43.735,5.753,0.06825636
Beauvoir Beauvoir Hydroelectric Power Station France - Beauvoir Hydroelectric Power Station France,45.121,5.319,-0.113014236
Benagues,43.0775,1.6098,-0.05350564
Bessières,43.797,1.5859,-0.277017
Bessède-de-Sault,42.7854,2.1372,-0.31358728
Beyrède-Jumet,42.9554,0.338,-0.30336347
Bissorte Hydroelectric 1/2/3,45.202,6.585,-0.14180104
Bonnac,43.1723,1.5878,-0.33315772
Bonnevaux,46.2948,6.6664,-0.28701544
Bort BORT 1 - Bort Les Orgues Hydroelectric Power Station France,45.41269,2.49862,0.013850994
Bourg les valence BOURG les VALENCE - Bourg Les Valence Hydroelectric Power Station France,44.96128,4.87221,0.07585146
Bourg-de-Sirod,46.72527778,5.95805556,-0.27125093
Bourg-et-Comin,49.4027,3.6594,-0.33850405
Bouvante,44.93555556,5.257222222,-0.14476769
Bozel,45.4418754,6.6377553,-0.27142516
Brassac,43.612,2.5118,-0.32171193
Bregnier cordon Bregnier-Cordon Hydroelectric Power Station France - Bregnier-Cordon Hydroelectric Power Station France,45.654,5.605,-0.026506329
Brens-Virigin Hydroelectric Power Station France - Brens-Virigin Hydroelectric Power Station France,45.725,5.698,-0.07364564
Briançon/Pont Blady,44.8996,6.649,-0.21331844
Brillanne & Brillanne I & II Hydroelectric Power Station France - Brillanne I & II Hydroelectric Power Station France,43.921,5.925,0.0033282593
Brommat BROMMAT 6/7,44.76793,2.68415,-0.23354346
Brousse-le-Château,44.0062,2.6383,-0.18868847
Bujaleuf,45.8025,1.614444444,-0.17016743
Buzy,43.1411,-0.4466,-0.3412399
Caderousse CADEROUSSE - Caderousse Hydroelectric Power Station France,44.09606,4.72329,0.043906715
Cajarc,44.4939,1.8384,-0.20955454
Calypso,45.235311,6.4399136,-0.22694883
Cambeyrac Cambeyrac Hydroelectric Power Station France - Cambeyrac Hydroelectric Power Station France,44.655,2.574,0.010475553
Campan,42.9617,0.2164,-0.22747293
Capdenac,44.5849,2.066,-0.29471898
Cargiaca,41.7322,9.0412,-0.38843292
Castelnau lassouts Castelnau-Lassouts Hydroelectric Power Station France - Castelnau-Lassouts Hydroelectric Power Station France,44.505,2.874,-0.09653616
Castillon Castillon Hydroelectric Power Station France - Castillon Hydroelectric Power Station France,43.878,6.538,0.14156316
Castillon-en-Couserans,42.9142,1.02833,-0.24119104
Castirla Hydroelectric Power Station France - Castirla Hydroelectric Power Station France,42.38,9.134,-0.17952232
Caussade,44.157,1.5439,-0.15003239
Causse-de-la-Selle,43.7932,3.6295,-0.27933884
Centrale Hydro-Électrique Luz I & 2,42.87024,-0.01209,-0.1487963
Centrale Hydroélectrique de Lau-Balagnas,42.9929,-0.0998,-0.30652064
Centrale Hydroélectrique de Nouaux,42.9842,-0.1428,-0.32492834
Centrale Hydroélectrique de Tucoy,42.90973,-0.25888,-0.2975457
Centrale hydraulique EDF de Golfech - Sud-Ouest,44.1091231,0.8503732,-0.20824502
Champcella Champcella Hydroelectric Power Station France - Champcella Hydroelectric Power Station France,44.737,6.575,-0.14686276
Champsanglard,46.2801,1.8891,-0.29195952
Charritte-de-Bas,43.2951,-0.897,-0.12809724
Chartrettes,48.4943,2.7131,-0.35902348
Chastang CHASTANG (LE) 1 - Chastang Hydroelectric Generating Station France,45.15185,2.00985,0.19766627
Chaudanne Chaudanne Hydroelectric Power Station France - Chaudanne Hydroelectric Power Station France,43.848,6.544,0.17126392
Chautagne Chautagne Hydroelectric Power Station France - Chautagne Hydroelectric Power Station France,45.879,5.811,0.01803479
Cheylas CHEYLAS 1 - Cheylas (Le) Hydroelectric Power Station France,45.3846,6.00207,-0.13521707
Château-Chinon (Campagne),47.0563,3.9403,-0.2884538
Châtel-Montagne,46.1002,3.7168,-0.278608
Châtellerault,46.8153,0.5526,-0.03259898
Châtelus-le-Marcheix,46.0068,1.6256,-0.3712634
Cierp-Gaud,42.9129,0.6341,-0.30471897
Cize bolozon Cize Bolozon Hydroelectric Power Station France - Cize Bolozon Hydroelectric Power Station France,46.211,5.465,-0.022407321
Claux Claux Hydroelectric Power Station France - Claux Hydroelectric Power Station France,44.876,6.48,-0.123486586
Coiselet Coiselet Hydroelectric Power Station France - Coiselet Hydroelectric Power Station France,46.294,5.592,0.095523216
Combe d'avrieux COMBE DAVRIEUX 1 - Aussois + Combe d'Avrieux Hydroelectric Power Station France,45.21348,6.72053,-0.12686048
Cornimont,47.9686,6.8651,-0.25393993
Couesque COUESQUE - Couesque Hydroelectric Power Station France,44.69609,2.58555,0.12006692
Curbans CURBANS - Curbans Hydroelectric Power Station France,44.42078,6.02016,0.24234697
Cusset jonage Cusset-Jonage Hydroelectric Power Station France - Cusset-Jonage Hydroelectric Power Station France,45.79,5.025,0.012526806
DONZERE MONDRAGON - Bollene Hydroelectric Power Station France,44.304001,4.742,0.07291284
Domène,45.2044,5.8371,-0.07924179
Egets Egets Hydroelectric Power Station France - Egets Hydroelectric Power Station France,42.955,0.565,-0.29813892
Eguzon Eguzon Hydroelectric Power Station France - Eguzon Hydroelectric Power Station France,46.455,1.613,0.030233135
Enchanet Enchanet Hydroelectric Power Station France - Enchanet Hydroelectric Power Station France,45.082,2.194,-0.10156288
Entraygues-sur-Truyère,44.6548,2.5787,-0.3592191
Eygliers Eygliers Hydroelectric Power Station France - Eygliers Hydroelectric Power Station France,44.672,6.65,-0.04437201
Eymoutiers,45.7111,1.7405,-0.22090918
Faux-la-Montagne,45.7431,1.9351,-0.2677902
Felletin,45.8905,2.1825,-0.08499257
Fessenheim FESSENHEIM - Fessenheim Hydroelectric Power Station France,47.91466,7.57067,0.061323285
Foix,42.9654,1.6102,-0.018068107
Fontan,44.0215,7.5448,-0.2447558
Fontpédrouse,42.463,2.1949,-0.10300467
Fos,42.8607,0.7473,-0.16307117
Fumel,44.5079,0.9804,-0.2989683
Gaillac,43.9165,1.8862,-0.14785871
Gambsheim,48.682,7.919,-0.0026619446
Gargilesse-Dampierre,46.5061,1.6202,-0.2859022
Genissiat GENISSIAT - Genissiat Hydroelectric Power Station France,46.05271,5.81285,0.051366407
Germ,42.7767,0.4407,-0.18302216
Gerstheim GERSTHEIM - Gerstheim Hydroelectric Power Station France,48.40385,7.72775,0.107097276
Gervans Gervans Hydroelectric Power Station France - Gervans Hydroelectric Power Station France,45.136,4.806,-0.025879791
Gignac,43.66361111,3.55722222,-0.03176531
Giuncaggio,42.1921,9.3824,-0.16614547
Golinhac Golinhac Hydroelectric Power Station France - Golinhac Hydroelectric Power Station France,44.606,2.605,-0.18589093
Gour Noir (Le) Hydroelectric Power Station France - Gour Noir (Le) Hydroelectric Power Station France,45.071,2.067,-0.20552146
Grand maison GRAND MAISON 1 - Grand Maison Pumped Storage Hydroelectric Power Station France,45.20597,6.11719,0.302381
Grandrif,45.5205,3.8348,-0.25577882
Grandval Grandval Hydroelectric Power Plant France - Grandval Hydroelectric Power Plant France,44.9219,3.0745,0.028308252
Grangent Grangent Hydroelectric Power Station France - Grangent Hydroelectric Power Station France,45.467,4.248,0.025769614
Guchen,42.8567,0.3213,-0.37748545
Hautefage Hautefage Hydroelectric Power Station France - Hautefage Hydroelectric Power Station France,45.06,1.994,-0.34324157
Hauteluce,45.7642,6.6156,-0.3096499
Hermillon HERMILLON,45.28424,6.35799,0.05786606
Hillion,48.5028,-2.6463,-0.22867566
Hospitalet l' Hospitalet (L') Hydroelectric Power Station France - Hospitalet (L') Hydroelectric Power Station France,42.588,1.797,0.0016546387
Hourat Hourat Hydroelectric Power Station France - Hourat Hydroelectric Power Station France,43.075,-0.42,-0.12639415
Izernore,46.2184,5.5632,-0.25583965
Jouques Jouques Hydroelectric Power Station France - Jouques Hydroelectric Power Station France,43.681,5.656,0.124443814
Jouy-aux-Arches,49.0644,6.0867,-0.351449
Kembs KEMBS - Kembs Hydroelectric Power Station France,47.655,7.52,0.100658275
L'Isle-Jourdain,46.2384,0.6985,-0.20437564
La Bastide-Puylaurent,44.5658,3.888,-0.2451001
La Bathie - Roseland,45.68545,6.62249,0.041769885
La Bresse,48.0184,6.9255,-0.27086058
La Bridoire,45.5299,5.7378,-0.2657126
La Grave,45.0601,6.2836,-0.22695449
La Llagonne,42.5377,2.094,-0.2931015
La Roche-de-Rame,44.7659,6.617,-0.1398893
La Soula,42.7225,0.41944444,-0.14747795
Lacourt,42.9332,1.1708,-0.33786732
Laguiole,44.6943,2.8677,-0.33911964
Lanau Lanau Hydroelectric Power Station France - Lanau Hydroelectric Power Station France,44.891,3.003,-0.11841626
Landry,45.5637,6.7617,-0.33900443
Langogne,44.7238,3.8338,-0.14652212
Lantosque,43.9706,7.3049,-0.19130065
Laparan,42.6717259,1.7009906,-0.12328513
Lardy Lardy Hydroelectric Power Station France - Lardy Hydroelectric Power Station France,44.662,2.583,0.092801504
Largue Largue Hydroelectric Power Station France - Largue Hydroelectric Power Station France,43.854,5.859,0.07072902
Laroquebrou,44.9744,2.1934,-0.2629258
Larrau,43.01,-0.973,-0.25027707
Laval,45.2362,5.9815,-0.26385984
Laval cere & Laval de Cere  1 & 2 Hydroelectric Power Station France - Laval de Cere  1 & 2 Hydroelectric Power Station France,44.953,1.95,-0.11514603
Laval-de-Cère/Barrage de Brugale,44.9443,1.9359,-0.30257207
Lavours,45.8115,5.7724,-0.21810782
Lazer le Lazer (Le) Hydroelectric Power Station France - Lazer (Le) Hydroelectric Power Station France,44.346,5.868,-0.06022959
Le Bourg-d'Hem,46.3006,1.8404,-0.26992378
Le Cannet-des-Maures,43.3739,6.3755,-0.079546735
Le Palais-sur-Vienne,45.8737,1.3248,-0.24837573
Le Tech,42.4418,2.513,-0.21587382
Licq atherey Licq-Atherey Hydroelectric Power Station France - Licq-Atherey Hydroelectric Power Station France,43.048,-0.886,-0.13171133
Livet-et-Gavet,45.0905,5.9188,-0.29912043
Livinhac-le-Haut,44.5968,2.2161,-0.2959987
Lot Lot Hydroelectric Power Station France - Lot Hydroelectric Power Station France,44.663,2.664,-0.10162767
Loudenvielle,42.7302,0.4323,4.0834046e-05
Lugo di nazza Lugo Di Nazza Hydroelectric Power Station France - Lugo Di Nazza Hydroelectric Power Station France,42.091,9.316,0.013644153
Lusigny-sur-Barse,48.263,4.2773,-0.29078323
Luz-Saint-Sauveur,42.8322,0.0177,-0.27239603
Luzenac,42.7199,1.7426,-0.27296463
MONTELIMAR - Chateauneuf Du Rhone Hydroelectric Power Station France,44.499001,4.708,0.09962315
Malgovert,45.61787,6.79074,-0.07489443
Mallemort Mallemort Hydroelectric Power Station France - Mallemort Hydroelectric Power Station France,43.715,5.205,0.023604888
Manosque voix Manosque-Voix Hydroelectric Power Station France - Manosque-Voix Hydroelectric Power Station France,43.85081,5.83276,0.057457
Marcillac - barrage la Valette,45.215,2.038,-0.24935153
Marckolsheim MARCKOLSHEIM - Marckolsheim Hydroelectric Power Station France,48.15371,7.5898,0.11460701
Mareges MAREGES - Mareges Hydroelectric Power Station France,45.39171,2.36446,0.16518968
Mazamet,43.458,2.3893,-0.37036723
Mazet Hydroelectric Power Station France - Mazet Hydroelectric Power Station France,45.801,1.803,-0.14349441
Metz/Central hydraulique de Metz-Wadrinau,49.1198,6.154,-0.08526872
Meyras,44.6766,4.2604,-0.25319216
Millac/La Roche,46.1954,0.7055,-0.07407652
Miramont-de-Comminges,43.0912,0.7558,-0.37869
Mirandol-Bourgnounac,44.1468,2.1715,-0.21349655
Mizoën,45.0431,6.1821,-0.1110941
Monceaux La Virolle Hydroelectric Power Station France - Monceaux La Virolle Hydroelectric Power Station France,45.576,1.84,-0.12986927
Montahut Montahut Hydroelectric Power Station France - Montahut Hydroelectric Power Station France,43.571,2.94,-0.14782469
Montauban,44.0226,1.3638,0.03713969
Montbrun,44.5114,1.9032,-0.14281859
Monteynard MONTEYNARD - Monteyard-Avigonnet Hydroelectric Power Station France,44.96118,5.68874,0.1386207
Montezic MONTEZIC 1 - Montezic Pump Storage Hydroelectric Power Station France,44.73766,2.64342,-0.19404794
Montpezat MONTPEZAT,44.69026,4.27215,-0.017434971
Montsapey,45.5313,6.3673,-0.37174073
Motz,45.9191,5.8448,-0.17970242
Moux charmines Moux Charmines Hydroelectric Power Station France - Moux Charmines Hydroelectric Power Station France,46.277,5.554,-0.21848355
Moûtiers,45.4864,6.5373,-0.21318945
Méolans-Revel,44.371,6.498,-0.20040193
Méréville,48.5912,6.1369,-0.316587
Nantes-en-Ratier,44.9279,5.8283,-0.18309367
Nentilla Nentilla Hydroelectric Power Station France - Nentilla Hydroelectric Power Station France,42.772,2.213,-0.18159753
Neuville-sur-Ain,46.08166667,5.37944444,-0.24761485
Noirefontaine/Dampjoux,47.3471,6.7644,-0.22375752
Nyer,42.5014,2.2744,-0.103009194
Ocana Ocana Hydroelectric Power Station France - Ocana Hydroelectric Power Station France,41.946,8.935,-0.100611806
Olargues,43.5411,2.9176,-0.2743846
Olette,42.5962,2.2423,-0.079465
Oloron-Sainte-Marie,43.16305556,-0.59194444,-0.20887715
Oo Hydroelectric Power Station France - Oo Hydroelectric Power Station France,42.804,0.56,-0.33403444
Oraison ORAISON - Oraison Hydroelectric Power Station France,43.92101,5.92438,0.005093755
Orelle,45.20308,6.57913,-0.24290459
Orgeix,42.6757,1.8767,-0.3303586
Orlu Orlu Hydroelectric Power Station France - Orlu Hydroelectric Power Station France,42.689,1.912,-0.16005543
Ottmarsheim OTTMARSHEIM - Ottmarsheim Hydroelectric Power Station France,47.77399,7.52246,0.069824465
Pardies,43.3858,-0.5879,0.06046532
Passy,45.954,6.7398,-0.20263985
Passy PASSY,45.91642,6.72592,-0.019141885
Perles-et-Castelet,42.7179,1.774,-0.41203037
Pied borne PIED DE BORNE - Pied-de-Borne Hydroelectric Power Station France,44.47198,3.98867,0.08031903
Pierre benite Pierre Benite Hydroelectric Power Station France - Pierre Benite Hydroelectric Power Station France,45.702,4.842,0.10249374
Pinet Hydroelectric Power Station France - Pinet Hydroelectric Power Station France,44.07,2.805,-0.13889472
Plouasne,48.3118,-2.0078,-0.28454882
Pointis-Inard,43.0837,0.7971,-0.27801967
Pointis-de-Rivière,43.0911,0.6255,-0.11776787
Pont-de-Roide,47.3853,6.7628,-0.26800093
Pontcharra,45.43293,6.03032,-0.25025654
Port-Mort,49.1697841,1.3876834,-0.0637502
Portillon le Portillon (Le) Hydroelectric Power Station France - Portillon (Le) Hydroelectric Power Station France,42.733,0.553,-0.21293889
Poses,49.3096743,1.2362412,-0.042457588
Pouget POUGET 4 - Pouget (Le) Hydroelectric Power Station France,44.0597,2.77,-0.11711086
Pragneres Hydroelectric Power Station France,42.8211,0.01033,-0.08776018
Pralognan-la-Vanoise,45.3501,6.7208,-0.25001183
Prayssac,44.502783,1.1732197,-0.15120283
Queige,45.71916667,6.49861111,-0.25159252
Quinson Quinson Hydroelectric Power Station France - Quinson Hydroelectric Power Station France,43.699,6.051,0.044440657
Rabodanges,48.8003,-0.2895,-0.14638956
Rance tidal RANCE - Rance Tidal Hydroelectric Power Station France,48.6180022,-2.0238876,0.09249934
Randens RANDENS,45.52711,6.31996,-0.037704963
Revin REVIN 1 - Revin Pump Storage Hydroelectric Power Station France,49.92556,4.61331,-0.2323689
Rhinau RHINAU - Rhinau Hydroelectric Power Station France,48.28412,7.67728,0.12345913
Rhue Rhue (La) Hydroelectric Power Station France - Rhue (La) Hydroelectric Power Station France,45.415,2.499,-0.23628052
Roanne,46.0451,4.0801,0.03854266
Romanche-Gavet,45.1171846,5.9590868,-0.023402061
Roquebillière,44.02138889,7.30722222,-0.066771545
Sablons PEAGE DE ROUSSILLON - Sablons Hydroelectric Power Station France,45.307,4.797,0.10121156
Sail-sous-Couzan,45.7367,3.9618,-0.28575933
Saint cassien Saint Cassien Hydroelectric Power Station France - Saint Cassien Hydroelectric Power Station France,43.602,6.841,-0.15447414
Saint chamas SAINT CHAMAS - Saint Chamas Hydroelectric Power Station France,43.52741,5.07342,0.11420993
Saint dalmas Saint Dalmas Hydroelectric Power Station France - Saint Dalmas Hydroelectric Power Station France,44.047,7.586,-0.029336132
Saint esteve SAINT ESTEVE - Saint Esteve-Janson Hydroelectric Power Station France,43.69049,5.38489,0.06275242
Saint georges commiers Saint Georges de Commiers Hydroelectric Power Station France - Saint Georges de Commiers Hydroelectric Power Station France,45.006,5.687,0.023139816
Saint guillerme SAINT GUILLERME - St. Guillerme Hydroelectric Power Station France,45.03048,6.07914,-0.15719372
Saint pierre cognet,44.87249,5.77319,-0.13654454
Saint-Alban-des-Villards,45.3146,6.2362,-0.31161696
Saint-Barthélemy-de-Séchilienne,45.0397,5.8221,-0.30189958
Saint-Barthélemy-le-Plain,45.0453,4.7436,-0.14868397
Saint-Christophe-en-Oisans,44.9289,6.2441,0.100010626
Saint-Cézaire-sur-Siagne,43.6597,6.8033,-0.0631845
Saint-Dalmas-le-Selvage,44.2894,6.841,-0.33783224
Saint-Denis-des-Murs,45.7797,1.5295,-0.24317726
Saint-Firmin,44.7936,6.0261,-0.3015578
Saint-Flour/Centrale hydroelectrique EDF de Sauviat,45.7102,3.5096,-0.1988856
Saint-Gervais-d'Auvergne,46.0192,2.8311,-0.18146464
Saint-Gervais-les-Bains,45.857,6.741,-0.40215462
Saint-Girons,42.9756,1.1531,-0.15331626
Saint-Jean-de-Maurienne,45.2719,6.3455,-0.096511275
Saint-Jeoire,46.1387,6.4645,-0.29319948
Saint-Julien-Mont-Denis,45.2803,6.4175,-0.3621572
Saint-Julien-le-Petit,45.8223,1.7051,-0.12869033
Saint-Laurent-du-Var,43.6865,7.1823,-0.05080472
Saint-Laurent-en-Beaumon,44.89527778,5.85805556,-0.2388279
Saint-Laurent-en-Royans,45.0098,5.3463,-0.2515625
Saint-Lizier,43.0002,1.1292,-0.042791888
Saint-Léonard-de-Noblat,45.841,1.4954,-0.29139325
Saint-Mamet-la-Salvetat,44.8566,2.3054,-0.071896926
Saint-Martin-du-Var,43.8162,7.1996,-0.28234553
Saint-Maurice-Navacelles,43.8448,3.5064,-0.008443208
Saint-Maurice-de-Lignon,45.2330869,4.1547189,-0.18176016
Saint-Maurice-en-Valgodemard,44.7984,6.1126,-0.274594
Saint-Paul-sur-Ubaye,44.559,6.8207,-0.007112761
Saint-Pierre-Chérignat,45.9602,1.6139,-0.35523373
Saint-Pierre-en-Faucigny,46.0468,6.37475,-0.24168457
Saint-Priest-Taurion,45.9063392,1.4122593,-0.1113174
Saint-Étienne-de-Cuines,45.3454,6.2602,-0.30945754
Sainte Helene - La Coche,45.49667,6.51038,-0.12564641
Sainte croix,43.73687,6.13423,0.08397222
Sainte tulle i&ii Sainte Tulle I&II Hydroelectric Power Station France - Sainte Tulle I&II Hydroelectric Power Station France,43.787,5.774,0.0614883
Sainte-Agnès,45.2106,5.96,-0.32350755
Sainte-Foy-Tarentaise,45.5844,6.9414,-0.28318316
Sainte-Marie-de-Cuines,45.3191,6.2942,-0.4109811
Salignac Salignac Hydroelectric Power Station France - Salignac Hydroelectric Power Station France,44.138,5.979,0.1701903
Salon Salon Hydroelectric Power Station France - Salon Hydroelectric Power Station France,43.633,5.114,0.14876482
Sarrans SARRANS - Sarrans Hydroelectric Power Station France,44.82942,2.74042,0.1616131
Sassenage,45.20856,5.65681,-0.1046517
Sault brenaz Sault Brenaz Hydroelectric Power Station France - Sault Brenaz Hydroelectric Power Station France,45.846,5.418,0.0013856263
Saussaz SAUSSAZ,45.20992,6.47663,-0.094007455
Saut mortier Saut Mortier Hydroelectric Power Station France - Saut Mortier Hydroelectric Power Station France,46.372,5.642,-0.028570062
Sautet le Sautet (Le) Hydroelectric Power Station France - Sautet (Le) Hydroelectric Power Station France,44.817,5.908,0.032635666
Sauto,42.5155,2.1488,-0.120151535
Serdinya,42.5763,2.3226,0.02016971
Serre poncon SERRE PONCON - Serre Poncon Hydroelectric Power Station France,44.47095,6.26967,0.25033578
Servières-le-Château,45.1402,2.0225,-0.31102455
Seyssel Hydroelectric Power Station France - Seyssel Hydroelectric Power Station France,45.971,5.834,0.008220737
Sisteron SISTERON 1 - Sisteron Hydroelectric Power Station France,44.17517,5.95215,0.25942954
Soulom Soulom Hydroelectric Power Station France - Soulom Hydroelectric Power Station France,42.953,-0.069,-0.01648519
St etienne cantales ST ETIENNE CANTALES - Saint Etienne Cantales Hydroelectric Power Station France,44.94516,2.21906,0.05241243
Strasbourg STRASBOURG - Strasbourg Hydroelectric Power Station France,48.52561,7.79456,0.0849587
Teich Teich Hydroelectric Power Station France - Teich Hydroelectric Power Station France,42.71,1.864,-0.18272094
Teillet-Argenty,46.2627,2.517,-0.30938593
Tende,44.0996,7.5403,-0.20315509
Tet (La) Hydroelectric Power Station France - Tet (La) Hydroelectric Power Station France,42.553,2.267,-0.08031194
Thuès-Entre-Valls,42.5036,2.23,-0.18370296
Tolla,41.9637369,8.9663116,0.5460607
Toulouse/Bazacle Complex,43.60277778,1.4325,-0.14292058
Tramezaygues,42.7442,0.41,-0.1490466
Triouzoune Hydroelectric Power Station France - Triouzoune Hydroelectric Power Station France,45.347,2.349,-0.23456836
Truel Truel Hydroelectric Power Station France - Truel Hydroelectric Power Station France,44.06,2.769,0.08830732
Tuilieres Tuilieres Hydroelectric Power Station France - Tuilieres Hydroelectric Power Station France,44.845,0.633,0.22152114
Usson,45.5271,3.3419,-0.18481438
Uzerche,45.4242,1.5653,-0.15457532
Val beynette Val Beynette Hydroelectric Power Station France - Val Beynette Hydroelectric Power Station France,45.416,2.372,-0.03176692
Valentine,43.09666667,0.70083333,-0.0172284
Vallabregues VALLABREGUES - Beaucaire Hydroelectric Power Station France,43.82415,4.64349,0.04111167
Varilhes,43.0551,1.6343,-0.29125684
Vaufrey,47.3405,6.9306,-0.28313306
Vaugris Vaugris Hydroelectric Power Station France - Vaugris Hydroelectric Power Station France,45.495,4.826,-0.019870386
Venthon,45.69389,6.40457,-0.17382465
Villar-d'Arêne,45.0001,6.3639,-0.16032766
Villard-sur-Doron,45.7274,6.5193,-0.28562725
Villarodin VILLARODIN 1 - Villarodin Hydroelectric Power Station France,45.21466,6.71208,0.07053178
Villaroger,45.5574,6.8693,-0.106685154
Villefranche-de-Panat,44.0976,2.7161,-0.23168845
Villelongue,42.9429,-0.0167,-0.2600025
Villerest Hydroelectric Power Station France - Villerest Hydroelectric Power Station France,45.9869,4.04938,-0.074662186
Vinon Vinon Hydroelectric Power Station France - Vinon Hydroelectric Power Station France,43.725,5.827,-0.019102454
Vogelgrun VOGELGRUN - Vogelgrun Hydroelectric Power Station France,48.0203,7.57393,0.11360059
Vouglans VOUGLANS - Vouglans Hydroelectric Power Station France,46.39734,5.66556,0.17872083
Voutezac,45.2928,1.4406,-0.3504595
Zicavo,41.8845,9.167,-0.05756969
Épierre,45.4523,6.3254,-0.32154304
Atshesi (Atsi) Hydroelectric Power Plant Georgia,41.5841,41.8903,-0.10124491
Chitakhevi Hydroelectric Power Plant Georgia,41.7914,43.302,-0.087353885
Dzevrula (Tkibuki-II) Hydroelectric Power Plants Georgia,42.2629,42.9582,-0.24311748
Gumati I and II Hydroelectric Power Plants Georgia,42.3202,42.704,-0.24286401
Inguri (Enguri) Dam Hydroelectric Power Station Georgia,42.7584,42.0309,0.16525522
Khrami I Hydroelectric Power Plant Georgia,41.5489,44.1235,-0.011763085
Khrami II Hydroelectric Power Plant Georgia,41.5461,44.1277,-0.13509133
Lajanuri Hydroelectric Power Plant Georgia,42.589,42.8519,-0.037007235
Ortachala Hydroelectric Power Plant Georgia,41.6831,44.8266,-0.079594485
Rioni Hydroelectric Power Plant Georgia,42.2006,42.7258,-0.12298291
Satskhenisi Hydroelectric Power Plant Georgia,41.7048,44.9328,-0.05709617
Shaori Hydroelectric Power Plants Georgia,42.3637,43.0034,-0.14704168
Vardnili I Hydroelectric Power Plant Georgia,42.6524,41.7619,-0.09671839
Vartsikhe Cascade Hydroelectric Power Plants Georgia,42.1545,42.7088,-0.07850504
Zahesi Hydroelectric Power Plant Georgia,41.8226,44.76,-0.1754008
Zhinvali Hydroelectric Power Plant Georgia,42.1349,44.7721,0.004245097
Albbruck dogern,47.5985,8.171,0.10038456
Altheim,48.5837,12.2186,-0.016912203
Altusried M2,47.817052,10.227499,-0.03168313
Alzwerke,48.18324,12.85345,-0.05849242
Aufkirchen,48.3066864,11.858847,-0.22937422
Bergheim,48.750807,11.273237,0.016972352
Bertoldsheim,48.735932,11.020923,0.0023660737
Bigge,51.093173,7.86272,-0.09186724
Bittenbrunn,48.734459,11.14382,0.06534805
Bleiloch,50.52438482,11.71438694,0.061343275
Bobingen M1,48.26,10.8,-0.28737584
Dessau,47.739292,10.825702,-0.031606313
Dettingen,48.11222222,10.13277778,-0.114818394
Detzem,49.810941,6.843882,-0.097414255
Dingolfing,48.63404,12.48369,0.038262624
Dornau,47.8001993,10.9026434,-0.14353032
Egglfing,48.3202287,13.31740725,-0.1451739
Eitting,48.3585905,11.8821921,-0.020096445
Ellgau,48.596746,10.8789,-0.05278177
Enkirch,49.97667,7.127777,0.00040572777
Erzhausen PSW Erzhausen Block 1 - Erzhausen Pumped Storage Power Plant Germany,51.89912,9.92452,-0.04354337
Ettling,48.6960722,12.7977619,-0.31716588
Faimingen,48.558394,10.411764,-0.07771255
Fankel,50.123918,7.225915,-0.027445843
Fluhmühle,47.839568,10.192668,-0.15081279
Gars,48.15395,12.31107,-0.09939109
Geesthacht,53.41888889,10.39388889,-0.08124791
Geisling,48.974806,12.344002,0.0066325166
Goldisthal PSW Goldisthal PSS A - Goldisthal Pumped Storage Power Plant Germany,50.50975864,11.02087498,0.0048815017
Großaitingen M1,48.23,10.76,-0.07337201
Gummering,48.622456,12.398037,0.009542338
Haeusern Schluchsee,47.755001,8.188,0.05856896
Haminan höyrykattilalaitos,51.520132,14.337383,-0.0031640788
Heimbach,50.628568,6.451776,-0.18436171
Hemfurth,51.167139,9.046832,-0.045376867
Hohenwarte,50.61433423,11.49212837,0.124970555
Höchstädt,48.603156,10.582724,-0.12784873
Ingolstadt,48.750317,11.412153,0.089809105
Inningen M1,48.29,10.83,-0.18087065
Jettenbach,48.177714,12.381857,-0.2028466
KW Gundelsheim,49.280578,9.156055,-0.085659556
KW Öpfingen,48.29463,9.830391,-0.100460306
Kachlet,48.5797112,13.4082738,0.14862548
Kaufering,48.084026,10.864936,-0.06622533
Koblenz,50.365855,7.58171,-0.01751783
Koepchenwerk Koepchenwerk - Koepchenwerk II (Herdecke) Pumped Storage Power Plant Germany,51.41048,7.45314,-0.053325824
Kraftwerk Rothenfels,49.90018,9.58676,-0.05964862
Landau,48.667862,12.660027,0.070800304
Laufwasserkraftwerk Hengstey,51.400404,7.45204,-0.112073146
Legau M1,47.869845,10.181145,-0.1364799
Lehmen,50.274724,7.458957,-0.05399593
Leitzach,47.873938,11.87099,-0.008948334
Markersbach PSW Markersbach PSS A - Markersbach Pumped Storage Power Plant Germany,50.51938,12.87976,-0.07960608
Meitingen,48.546994,10.86507,-0.019241761
Merching,48.2704497,10.9773463,-0.06864618
Mittelstetten M1,49.21,10.72,-0.2431774
Müden,50.18416667,7.33277778,0.0052621667
Mühltal,47.99629724,11.48542787,-0.1280284
Neef,50.087362,7.135809,-0.07134542
Niederaichbach,48.6039132,12.3023425,0.029154958
Niederwartha,51.09153428,13.60982895,0.058197565
Nußdorf,47.74444,12.1348886,-0.13421398
Obernach,47.554694,11.291366,-0.07917571
Oberpeiching,48.646423,10.879086,0.027112214
PSW Hohenwarte II PSS A,50.615002,11.492,0.08498688
Perach,48.0261021,12.789632,-0.12082347
Pfrombach,48.44132,11.99233,-0.11670603
Pielweichs,48.76166667,12.87027778,0.08983644
Prem,47.692726,10.797592,0.00018757783
Prittriching,48.21062,10.904933,0.015700758
Psw langenprozelten,50.05313,9.58137,-0.13520427
Psw vianden Vianden 1 - Vianden Pumped Storage Power Plant Luxembourg,49.95156713,6.180031287,-0.18108803
Pumpspeicherkraftwerk glems,48.50499,9.28692,-0.13571265
Pumpspeicherwerk rönkhausen Rönkhausen Pumped Storage Power Plant Germany - Rönkhausen Pumped Storage Power Plant Germany,51.22475,7.99281,-0.19351882
Radag,47.58629,8.13207,-0.05955291
Rain,48.692383,10.897786,-0.09315729
Reckingen,47.57122,8.338716,0.05705379
Reisach,49.53002,12.28481,-0.09291174
Rheinfelden,47.56990573,7.810113464,-0.035432532
Rheinkraftwerk iffezheim Rheinkraftwerk Iffezheim,48.83135,8.11216,-0.049086347
Rosenheim,47.83825,12.15333,-0.318409
Roßhaupten,47.651451,10.735525,-0.24090101
Rudolf fettweis werk,48.67128595,8.354376729,-0.08282932
Scheuring,48.180229,10.8833102,0.09946375
Schwabmünchen M1,48.191,10.729,0.03518028
Schwabstadl,48.148375,10.867023,0.05387019
Schwammenauel,50.628507,6.479111,-0.26549456
Schwarzenbach,48.6559308,8.3262275,0.13671108
Serrig,49.566954,6.592348,0.02402979
Sorpesee,51.3510404,7.9680569,-0.14277048
Stammham,48.24932,12.86469,-0.22472788
Straubing,48.89659,12.55752,-0.1070626
Säckingen,47.5619736,7.95484645,-0.09411009
Säckingen run-of-river,47.55828,7.9558,-0.045421343
Tannheim,48.00795,10.118537,-0.13214922
Tanzmühle,49.552216,12.281256,-0.16453433
Teufelsbruck,48.11444444,12.27194444,-0.22109629
Trier,49.728029,6.624451,-0.032607585
Töging,48.2518176,12.5873078,-0.096243165
Unterbergen,48.237449,10.92718,0.026670782
Unteropfingen,48.0612649,10.1284379,-0.1781761
Uppenborn,48.473474,11.95481,-0.15913375
Uppenborn 2,48.5152,12.101,-0.087731205
Urspring,47.71598,10.825785,0.13689595
Vohburg,48.778103,11.60119,-0.04221095
WKW Großarmschlag Hauptkraftwerk,48.883166,13.359728,-0.24242398
WKW II/ Alzarkraftwerke Heider,48.068,12.576,-0.09218204
WKW III,48.154,12.652,-0.19843693
Walchensee,47.631354,11.337054,-0.16666968
Waldeck I Pumped Storage Power Plant Germany - Waldeck I Pumped Storage Power Plant Germany,51.166,9.0461,-0.021693671
Waldeck bringhausen Waldeck II M5 - Waldeck II Pumped Storage Power Plant Germany,51.167139,9.046832,-0.045376867
Waldshut Schluchsee,47.61777,8.1926,0.115143605
Wasserburg,48.05699,12.22074,-0.13913193
Wasserkraftanlage Odertalsperre,51.646122,10.504712,-0.14749607
Wasserkraftanlage Okertalsperre,51.86256,10.471185,-0.21014243
Wehr Kraftwerk Wehr - Wehr Pumped Storage Hydroelectric Power Plant Germany,47.64529898,7.91819945,-0.20239587
Wendefurth Wendefurth Pumped Storage Power Plant Germany - Wendefurth Pumped Storage Power Plant Germany,51.74223,10.91879,0.050749067
Weserkraftwerk bremen,53.061134,8.864937,-0.07265194
Wintrich,49.879784,6.948762,-0.025702087
Witznau Schluchsee,47.68791,8.25159,-0.03238052
Zeltingen,49.951074,7.023166,-0.028607532
AGRAS,40.806,22.003,0.09261714
Asomata ASOMATA - Asomata Hydroelectric Power Plant Greece,40.4744,22.2439,0.2962416
Ilarionas ILARIONAS - Ilarionas Hydroelectric Power Plant Greece,40.0966,21.8039,0.19381651
Kastraki KASTRAKI - Kastraki Hydroelectric Power Plant Greece,38.7415,21.3642,0.2633274
Kremasta,38.890417,21.499583,0.36756366
LOUROS,39.251598,20.8648,-0.20138237
Ladonas LADONAS,37.75,21.8833333,-0.12254253
Mesochora Hydroelectric Power Plant Greece - Mesochora Hydroelectric Power Plant Greece,39.4644,21.3042,0.18788062
Piges Aoos Hydroelectric Power Plant Greece,39.6871,20.8421,0.47541934
Plastiras PLASTIRAS - Plastira Hydroelectric Power Plant Greece,39.2361,21.7462,0.43198252
Platanovrysi PLATANOVRYSI - Platanovrisi Hydroelectric Power Plant Greece,41.3355,24.4621,0.3603274
Polyfyto POLYFYTO - Polyfyto  Hydroelectric Power Plant Greece,40.3305,22.1253,-0.16691126
Pournari,39.1845,21.0255,0.3114362
Sfikia SFIKIA - Sfikia Hydroelectric Power Plant Greece,40.3856573,22.2113777,-0.03367089
Smokovo,39.1463,22.0629,0.43720555
Stratos,38.676,21.3233,-0.0966686
Thisavros φράγμα θησαυρού,41.267032,24.5008777,0.101131804
HE Tiszalok,48.025136,21.307715,0.012128589
Kesznyeten hernadviz hungary Kesznyeten (Hernadviz) Hydroelectric Power Plant Hungary - Kesznyeten (Hernadviz) Hydroelectric Power Plant Hungary,47.995972,21.033037,-0.08817444
Kiskore hungary Kiskore Hydroelectric Power Plant Hungary - Kiskore Hydroelectric Power Plant Hungary,47.493163,20.514556,0.031419788
Andakíl,64.5386,-21.695,-0.13455339
Blanda,65.4158,-19.8198,-0.18172999
Búrfell,64.1052,-19.8335,-0.059833277
Búðarháls,64.2355,-19.3707,-0.037224818
Fljótsdalsvirkjun (Kárahnjúkar ),64.9471,-15.7931,-0.29098734
Hrauneyjafoss,64.2009,-19.2406,0.01556908
Lagarfoss,65.5069,-14.3656,-0.17139585
Laxárvirkjun 3,65.8182,-17.314,-0.11789214
Ljósafossvirkjun,64.0944,-21.0107,0.0016586449
Sigalda,64.1733,-19.1272,-0.014807138
Steingrímsstöð,64.129,-21.0266,-0.07346825
Sultartangi,64.1672,-19.6212,0.011878164
Vatnsfell,64.1966,-19.0341,0.053361244
Írafoss,64.0875,-21.0077,0.11311688
Ardnacrucha production unit Ardnacrusha Unit 1 - Ardnacrusha Hydroelectric Power Plant Ireland,52.7056,-8.6128,-0.04806111
Erne Scheme,54.5,-8.19,-0.13683769
Lee Scheme,51.89,-8.61,-0.048918627
Liffey Scheme / Poulaphouca,53.1233,-6.5058,-0.3539461
Turlough hill Turlough Hill Unit 1 - Turlough Hill (Tomaneena) Pumped Storage Hydroelectric Power Plant Ireland,53.0280556,-6.3930556,-0.18826826
 Valsoera - Telessio,45.487814,7.395236,0.15466523
Acceglio,44.474627,6.990918,-0.010442977
Acquoria,41.960922,12.798884,0.091372944
Agordo,46.2855556,12.0375,-0.22414702
Agri,40.289012,16.139079,0.039669756
Ala,45.758995,11.000182,-0.023976443
Alanno,42.295438,13.971105,-0.016523821
Albano,46.131588,9.280837,-0.034748457
Albi Magisano,39.01339,16.6279,0.08539581
Anapo c.le UP_ANAPO_C.L_1 - Anapo Pumped Storage Power Plant Italy,37.115761,15.137157,0.0888099
"Andonno c,",44.314628,7.482432,0.029445272
Ardenno,46.164292,9.644944,-0.16644165
Arsie',45.983007,11.758295,0.12169395
Ascoli porta romana,42.85527778,13.56527778,-0.09308041
Aventino,42.004033,14.156813,-0.025345543
Avise UP_AVISE_1,45.700913,7.193059,-0.029321542
Balsorano,41.80388889,13.55888889,-0.20820805
Barca cle,40.2333333,15.2333333,-0.16623953
Barcis,46.1597222,12.6594444,-0.07166663
Bardonecchia,45.07972222,6.71055556,-0.1157634
Bardonetto - Pont,45.40861111,7.48722222,-0.14639169
Bargi UP_BARGI_CEN_1,44.117039,11.04338,0.021939324
Baschi,42.672832,12.21796,-0.054794274
Battiggio,45.98305556,8.12694444,-0.15407744
Bergkristall Stieber,46.827532,11.169127,-0.20051748
Boazzo,45.947196,10.62107,0.058342073
Boffetto,46.15833333,9.93805556,-0.1306863
Bolognano,42.24638889,13.95388889,-0.072792344
Bordogna,45.95083333,9.71277778,-0.13100424
Braulio,46.51472222,10.40361111,-0.2406335
Bressanone,46.71503251,11.65597916,0.002919397
Brossasco,44.56722222,7.3525,-0.13444294
Brunico,46.79343,11.983386,-0.13999104
Bussento,40.1304,15.511,-0.16128251
Bussolengo,45.47833333,10.8425,-0.07067699
Cadarese,46.262983,8.327813,-0.22427075
Caffaro,45.82078451,10.52706957,-0.019932617
Cairo Montenotte,44.3938,8.2787,0.02792192
Calice,46.09518,8.28085,-0.15891397
Calore,40.97333333,14.98361111,-0.14267473
Campliccioli,46.060376,8.114612,0.019502074
Campo,46.221592,9.449839,-0.05276748
Campo moro,46.2695803,9.8720987,0.010495091
Caneva,45.96861111,12.44138889,-0.15786988
Canterno,43.475754,12.628657,-0.0033623367
Caoria,46.2,11.6833333,-0.29297623
Capriati UP_CAPRIATI_1,41.476824,14.128279,-0.048481707
Cardano UP_CARDANO_1,46.494973,11.395485,-0.1049531
Carona,46.02139,9.78285,-0.023340365
Caroso Borzonasca,44.42463,9.395171,-0.2694264
Cassino,41.55333333,13.83944444,-0.042121623
Castel giubileo,41.98833333,12.4975,0.0639962
Castel madama,41.973522,12.868485,0.046417125
Castelbello,46.628316,10.906664,-0.031444695
Casteldelf,44.58963,7.069818,-0.08296396
Castelletto,45.96972222,12.35138889,-0.0777475
Castrocucco,39.9896,15.8081,-0.034813747
Casuzze,38.07333333,13.36,-0.06592832
Cavilla,45.919705,11.730896,0.04310363
Cencenighe,46.343118,11.973394,-0.111074
Centrale Rusca,45.529214,9.533849,-0.13141623
Centrale Santu Miali,39.5366292,8.9544651,0.08177896
Centrale Uvini Monte Su Rei,39.599699,9.257067,-0.08713733
Centrale di Airole,43.869813,7.549187,-0.17758763
Centrale di Ampezzo,46.4277312,12.7834987,-0.22735596
Centrale di Aymavilles,45.710407,7.253837,-0.16457461
Centrale di Bard,45.604446,7.746439,-0.15726198
Centrale di Bevera,43.822105,7.579253,-0.036601856
Centrale di Canistro,41.9407659,13.4028744,-0.3764626
Centrale di Casteldoria,40.889793,8.893944,-0.07185377
Centrale di Contrasto Adrano,37.65189,14.805299,0.06055454
Centrale di Covalou,45.7743331,7.5951308,-0.06414225
Centrale di Faubourg,45.716877,6.945111,-0.2537597
Centrale di Grosio,46.292,10.266,-0.019842345
Centrale di Isollaz,45.6892628,7.71111,-0.10850841
Centrale di Premadio - S. Giacomo,46.4862865,10.3492706,-0.1874588
Centrale di Prestone,46.392704,9.353384,-0.18094826
Centrale di Rezzalasco,46.348831,10.355053,-0.17362216
Centrale di San Bernardo,46.3420087,9.3687663,-0.26737416
Ceprano,41.54571751,13.51472855,0.03913779
Ceresole - Rosone (Locana),45.435348,7.418466,0.024947075
Champagne,45.701758,7.2079,-0.080395944
Chatillon,45.74472222,7.59305556,-0.100878686
Chavonne,45.6999,7.2193,-0.18289869
Chiavenna,46.307194,9.395236,-0.12958418
Chievo,45.45,10.9333333,-0.060552746
Chievolis,46.3111111,12.7891667,-0.025692904
Chiotas entracque,44.1775758,7.4165053,0.018908286
Cimego UP_CIMEGO_1,45.923109,10.628414,0.12926905
Cividate,45.942493,10.277462,0.109007254
Cogolo,46.362907,10.672964,-0.011187217
Comunacqua,41.863023,13.250095,-0.061324928
Comunanza,42.957348,13.412282,0.013103932
Corenno,46.075987,9.304638,-0.056842357
Corfino,44.13195,10.410998,0.13293344
Coscile,39.809603,16.163285,0.07534608
Crego,46.24638889,8.33166667,-0.12660193
Creva,46.15,8.3,-0.13721219
Curon,46.808317,10.542652,-0.08455147
Darfo,45.893791,10.185661,-0.1939751
Dezzo di Scalve (derivazione Dezzo),45.983092,10.10006,-0.13509016
Dossi,46.0299,9.984,0.011912741
Edison ARMISA (UP_ALTOADDA_1),46.176359,9.982129,-0.03493499
Edison Angelo Bertini Paderno,45.6647544,9.4833148,-0.19344363
Edison Belviso,46.160817,10.086202,-0.16674216
Edison Carlo Esterle Cornate D'Adda,45.6540043,9.4847369,-0.14457025
Edison Ganda,46.14055556,10.12361111,-0.1829957
Edison Publino (UP_ALTOADDA_1),46.150244,9.818459,-0.101057656
Edison Sonico,46.161206,10.352905,-0.1302258
Edison VEDELLO (UP_ALTOADDA_1),46.15944,9.929995,-0.20971599
Edison VENINA (UP_ALTOADDA_1),46.1608,9.9238,-0.057386767
Edison ZAPPELLO (UP_ALTOADDA_1),46.159346,9.930337,-0.22092764
Edolo UP_EDOLO_1 - Edolo Pumped Storage Hydroelectric Power Plant Italy,46.172153,10.344367,-0.09337163
Entracque rovina UP_ETQ_ROVINA_1 - Entracque Chiotas-Piastra Pumped Storage Power Plant Italy,44.22573,7.39012,0.35869238
Fadalto UP_FADALTO_1,46.028439,12.300677,-0.08044562
Farfa,42.2181,12.6929,-0.15001918
Farigliano,44.509523,7.912195,-0.14292897
Farneta,44.3616,10.5816,-0.06590631
Fedio,44.315526,7.298728,0.039503783
Fenestrelle,45.03594,7.049409,-0.0738343
Fondovalle,46.376886,8.425713,-0.096469454
Forno zoldo,46.34083333,12.20111111,-0.09710148
Fucine,45.239148,7.375412,-0.109116696
Furlo,43.683959,12.644054,0.06918414
GALLETO,42.5427,12.7208,-0.093656175
Gardona,46.597121,11.530879,-0.06772872
Gargnano UP_GARGNANO_1,45.703881,10.686097,-0.08605885
Gaudalami - Piana degli Albanesi,37.9937488,13.2882915,0.06713204
Gerosa,42.957348,13.412282,0.013103932
Goglio devero,46.260882,8.320213,-0.094520755
Gordona,46.292293,9.365335,-0.02364199
Gravedona,46.146389,9.300937,-0.06692719
Gressoney,45.829667,7.82321,-0.18976785
Grigno,46.016007,11.636892,-0.0004777008
Grosotto Boscaccia,46.283001,10.259756,0.021295479
Hone,45.613561,7.738513,-0.07247734
Isola palanzano,44.437255,10.194488,-0.08887148
Isola serafini,45.089969,9.93657,-0.024890501
Isolato Madesimo,46.443199,9.335009,-0.05323712
Isolato spluga ISOLATO SPLUGA,46.443064,9.334613,-0.09186903
Istrago,46.110463,12.880402,-0.1082539
Lana UP_LANA_1,46.6073775,11.1613274,0.12698095
Lanzada UP_LANZADA_1,46.268585,9.877013,0.041281555
Lappago,46.890931,11.860181,-0.08210401
Lasa,46.616614,10.700159,0.043896332
Lazzaro,43.69076,12.812658,-0.005503076
Le piane,44.142257,11.163814,-0.041397747
Levane,43.552147,11.588433,0.13725686
Ligonchio ozola,44.316254,10.341393,-0.18392465
Lovero,46.23777778,10.21527778,-0.3309295
Malga ciapela,46.43392,11.976792,-0.113341555
Mallero,46.168995,9.869149,0.0706101
Mandela,42.025524,12.996287,0.054576915
Mantelera,45.929593,10.308663,-0.19537759
Marlengo,46.65261772,11.14545822,-0.077615604
Masino,46.164292,9.644944,-0.16644165
Mazzunno ,45.91083333,10.12388889,-0.20585918
Maën Cignana,45.868104,7.6147242,-0.0526135
Maën Perreres,45.8717692,7.6067958,-0.18078253
Meduno,46.2180556,12.7980556,-0.059960615
Mese UP_MESE_1,46.304613,9.376503,0.01936383
Molare,44.613917,8.606257,-0.28470078
Moline,46.058609,11.786595,-0.021633497
Monastero,46.171791,9.430139,-0.17735463
Montelungo,41.405919,13.985517,-0.1663443
Montjovet,45.707963,7.67411,-0.067069136
Montorio UP_MONTORIO_1,42.58555556,13.70888889,-0.13000208
Morasco,46.376886,8.425713,-0.096469454
Morino,41.87305556,13.45583333,-0.14036998
Mucone,39.4716,16.4056,-0.24994092
Muschioso,44.295555,10.570198,-0.17683917
Muzzone Coghinas ,40.719766,9.101024,0.15183112
Naturno UP_CNTRLNTRNO_11,46.651148,10.993403,-0.083171524
Nazzano,42.20055556,12.61138889,-0.014103791
Nembia,46.076602,10.908474,0.010925511
Nove,45.9766667,12.3033333,0.05714422
Nus,45.7395178,7.4459142,-0.11118706
Orichella Timpagrande Calusia UP_ORTICA_1,39.17553,16.780345,0.03248976
Orte,42.517131,12.523069,0.002950464
Ozieri Monte Lerno,40.585962,9.001224,0.12584092
Paisco,46.030996,10.345862,0.051475286
Palazzo,39.799101,15.90748,-0.046993665
Palazzolo sull'Oglio,45.61888889,9.90111111,-0.18042226
Pallanzeno,46.04202073,8.259487152,-0.02985122
Pantano d'avio,46.178199,10.329159,0.068083845
"Paterno' c,le",40.2333333,15.2333333,-0.16623953
Pedesina,46.08189,9.549444,-0.15199864
Pelos,46.5041667,12.4736111,-0.3521806
Penna,43.417645,11.723338,0.02062734
Perreres,45.876066,7.624305,0.00017709426
Pescara,42.213736,13.913504,0.11000342
Pian della rocca,43.978948,10.545703,0.03418171
Piedimulera,46.02408493,8.258972168,0.054339807
Pietraporzio,44.343724,7.035322,-0.047687523
Pieve vergonte,46.012976,8.260816,-0.08568602
Pizzone,41.672525,14.036415,-0.23883174
Pont st. martin,45.595361,7.794514,-0.19323869
Pont ventoux,45.141299,6.962786,-0.121786036
Ponte Vizzà,44.250215,9.679784,-0.20813884
Ponte annibale,41.099714,14.220126,-0.030280316
Ponte gardena,46.597121,11.530879,-0.06772872
Ponte malon,46.5555556,12.4380556,-0.2809946
Ponte marm,46.376886,8.425713,-0.096469454
Pontecorvo,41.382916,13.686911,-0.01906237
"Poschiavino c,le",46.203898,10.133854,-0.12005791
Pracomune,46.5478079,11.0070771,-0.28029257
Prati vizze,46.85,11.3833333,-0.34190944
Predazzo,46.308814,11.599686,-0.041467596
Premesa,46.56662,11.56098,0.021103539
Presenzano UP_PRESENZAN_1 - Presenzano (Domenico Cimarosa) Pumped Storage Power Plant Italy,41.380906,14.09146,0.13892183
Provvidenza UP_PROVVIDEN_1,42.511133,13.410606,-0.17517
Quart,45.740261,7.466604,0.0018422595
Quero,45.921807,11.9315,0.047181077
Quincinetto,45.56296,7.807315,0.10513142
Radicone Troina,37.829642,14.576644,0.04249408
Regoledo,46.135091,9.551643,-0.073364325
Resio,45.925692,10.250862,-0.000819426
Rio pusteria,46.8333333,11.6166667,-0.32734728
Rio riva,46.920333,11.954483,-0.09947088
Riva garda nuovo,45.883103,10.837735,-0.078731894
Roncovalgrande UP_RONCOVALG_1PS - Roncovalgrande Pumped Storage Power Plant Italy,46.067588,8.731877,0.0060635046
Rovesca,46.060376,8.114612,0.019502074
"S,silvestro",46.149311,11.789193,-0.1301232
S. floriano UP_SFLORIANO_2,46.290466,11.245401,-0.06133274
S.fiorano,46.049856,10.351457,0.14802186
S.massenza - Vezzano molveno UP_S MASS CL_1,46.067653,10.983605,0.02466035
Sagittario nuovo,41.99383,13.803905,0.09817809
Saint-Clair,45.7425728,7.6221486,-0.24673878
Salbertrand - Chiomonte,45.12167,6.979784,-0.13418853
Salisano,42.259328,12.745778,-0.14831674
Salsominore,44.643854,9.496569,-0.09135321
Sampeyre,44.579631,7.184521,0.03630606
San Michele Caroso Borzonasca,44.42463,9.395171,-0.2694264
Sanfront,44.647034,7.321022,0.06776302
Sarentino,46.64352,11.355774,-0.03424378
Satriano,38.666883,16.481205,0.12703115
Saviner,46.43392,11.976792,-0.113341555
Seled glorenza SELED GLORENZA,46.6879187,10.5465492,-0.03862571
Sendren,45.775066,7.826612,-0.08625126
Signayes,45.73736,7.316601,0.07721048
Sistema Alto Flumendosa Bau Muggeris Sa Teula,39.9622222,9.5055556,0.022901287
Somplago UP_TAGLIAMENTO_1,46.343237,13.067161,0.008179667
Sondrio UP_SONDRIO_1,46.173,9.8876,0.04263396
Sorio nuova,45.44213,12.34014,0.20403306
Sospirolo,46.1394444,12.0677778,-0.23993592
Soverzene UP_SOVERZENE_1,46.201029,12.302334,-0.00680876
Sperando,44.027651,10.765107,-0.015726563
Spigno Monferrato,44.539551,8.338876,-0.022333622
Stanga,46.1111111,12.1002778,-0.19855192
Stazzona,46.203898,10.133854,-0.12005791
Storo,45.84924956,10.58022022,0.16841827
Suio,41.240815,13.932818,0.011574965
Suviana,44.170457,11.088812,-0.20871843
Taio S.Giustina Mezzocorona UP_NOCE_1,46.326132,11.063244,-0.024315223
Taloro (Gusana - Cucchinadorza - Benzone) UP_TALORO1_1 - Tumuele Baddu Ozzana,40.127148,9.140644,0.06566753
Tanagro,40.543612,15.44886,-0.0016214139
Teglia,44.375151,9.878882,0.117061324
Telessio - Eugio - Rosone,45.433313,7.417422,-0.22851714
Tirso,40.032651,8.896729,0.13406524Rajan 1/2
Gallicano,44.057349,10.4452,-0.02797483
Torbole UP_TORBOLE_1,45.882608,10.882742,0.012368659
Tornavento,45.59677,8.754735,0.09245623
Torrent,45.682972,8.708733,0.03882251
Torrite,44.12125,10.404598,-0.14837317
Triano,42.360941,14.138007,0.04951987
Tusciano,40.657211,15.02305,0.09751212
UP_SGIACOMO_3,42.553001,13.556,-0.16865352
Val noana,46.149311,11.789193,-0.1301232
Valpelline UP_VALPELLIN_1,45.825196,7.333163,-0.10513711
Vaprio D'Adda,45.576941,9.535214,0.059159998
Varzo,46.20668,8.252412,-0.08530507
Venamartello,42.769944,13.410185,0.08044621
Venaus UP_VENAUS_1 (Venasco),45.161887,7.008396,0.0392631
Verampio,46.210781,8.320614,0.0033393982
Verres,45.666562,7.689111,-0.016296197
Villa,41.961334,14.342717,-0.099620715
Villa rinaldi,46.0347222,12.6791667,0.032782312
Vinadio,44.309025,7.176025,-0.06446525
"Vizzola t,",45.6317,8.6865,-0.21865849
Vobarno,45.640087,10.503473,-0.007883063
Volturno,41.625824,14.089016,-0.11930642
Zevio,45.372086,11.129292,0.064658895
Zuino,45.712165,7.882814,-0.02473032
HC LUMBARDHI 1 2 Belaja DECANI,42.58880928,20.17900745,-0.19438069
Ujmani,42.940311,20.652053,0.310995
Kegums hpp Kegums HPP - Kegums Hydroelectric Power Plant Latvia,56.7405,24.7113,-0.071593605
Plavinas hpp Plavinas HPP - Plavinas Hydroelectric Power Plant Latvia,56.583,25.2394,-0.067091696
Riga HPP,56.94600412,24.10589218,0.024403255
Kaunohe Kauno KHE------HA1 - Kaunas Hydroelectric Power Plant Lithuania,54.87414,24.0,0.011740495
Kruonis & extension Kruonio KHAE-----HA1 - Kruonis Pumped Storage Hydroelectric Power Plant Lithuania,54.797866,24.248169,0.19265448
Hydropower Plant CHE-Costesti,47.8381,27.2246,0.03531207
Hydropower Plant Dubasari,47.2778,29.123,0.058790106
HE Glava Zete,42.6,18.98,-0.10511824
Perucica Hydroelectric Power Plant Montenegro - Perucica Hydroelectric Power Plant Montenegro,42.6718,18.9951,0.041049205
Piva_G1 - Piva (Mratinje) Hydroelectric Power Plant Montenegro,43.272999,18.841999,0.4065177
Globocica (Crn Drim) Hydroelectric Power Plant Macedonia,41.3371,20.6347,0.14707687
Kalimantsi Hydroelectric Power Plant Macedonia - Kalimantsi Hydroelectric Power Plant Macedonia,41.97115,22.57809,-0.16229841
Kozjak Hydroelectric Power Plant Macedonia - Kozjak Hydroelectric Power Plant Macedonia,41.8792,21.1921,0.06342196
Matka Hydroelectric Power Plant Macedonia - Matka Hydroelectric Power Plant Macedonia,41.9528,21.2982,-0.031595282
Raven Hydroelectric Power Plant Macedonia - Raven Hydroelectric Power Plant Macedonia,41.7791,20.8563,-0.059144393
Spilje Hydroelectric Power Plant Macedonia,41.4936,20.5054,0.09059076
Sveta Peka Hydroelectric Power Plant Macedonia - Sveta Peka Hydroelectric Power Plant Macedonia,41.9249,21.2647,0.09287039
TIKVES G1 - Tikves Hydroelectric Power Plant Macedonia,41.404999,21.936001,-0.15194966
VRUTOK G1 -  Mavrovo Vrutok Hydroelectric Power Plant Macedonia,41.771,20.84,-0.18360645
Vrben Hydroelectric Power Plant Macedonia - Vrben Hydroelectric Power Plant Macedonia,41.7166,20.7219,-0.15280865
Aall-Ulefoss,59.281502,9.253044,-0.02656959
Adamselv,70.409578,26.701878,-0.27214178
Alta krv,69.717916,23.795677,-0.25240278
Andåsfossen,65.822425,13.259879,-0.25650802
Askerudfoss,60.20311,10.342111,-0.103597805
Aunfoss,64.610022,12.578041,-0.106296316
Aura,62.664258,8.514969,-0.21147916
Aurland I,60.8525,7.300704,-0.22480981
Aurland II H,60.805201,7.377305,-0.0023654883
Aurland II L,60.804331,7.378572,0.045473717
Aurland III,60.798131,7.571407,-0.24665849
Aurland IV (Vangen),60.901828,7.178971,-0.1792002
Aurland V (Reppa),60.804002,7.35285,-0.183949
Bagn,60.827132,9.548789,-0.15306635
Bardufoss,69.043788,18.589681,-0.15704475
Befring,61.609102,6.635326,-0.19529334
Begna,60.202559,10.249582,-0.13116527
Bele,63.017618,8.527644,-0.26318973
Bergerfoss,60.227748,10.376135,-0.084237985
Bergsbotn,69.433207,17.483038,-0.023777215
Bergselva,69.299368,19.985893,-0.29157338
Bergstø,59.906073,6.497474,-0.09673315
Berild,62.447595,7.487445,-0.18799497
Berlifoss,58.945844,8.482479,-0.01340203
Bingsfoss,59.989971,11.264708,-0.06333028
Bjelland,58.405782,7.523531,-0.34574082
Bjerka,66.062707,13.997822,-0.18806598
Bjordalen,59.674243,8.558921,-0.19729266
Bjølvo,60.440065,6.406111,-0.10660735
Bjørdal,62.134077,6.298791,-0.24726836
Bjørgelva,69.144622,17.945353,-0.23906414
Bjørkåsen,68.327861,16.786002,-0.26152402
Bjørndalen,61.821713,5.799066,0.064920045
Bjørndalselva,61.5096,6.287082,-0.1619013
Blådalselva,60.764629,5.385733,-0.16928346
Blåfalli III H,59.874602,6.073856,-0.13928571
Blåfalli III L,59.874725,6.074131,-0.13242751
Blåfalli IV,59.930933,6.197613,-0.051605873
Blåfalli V,59.919097,6.187562,0.03685205
Blåfalli Vik,59.844023,5.994117,-0.23260503
Boen Foss,58.245048,8.1401,0.049276803
Bogna,64.228736,12.025878,-0.2970567
Borgund,61.061044,7.822617,-0.24816768
Borregaard,59.276365,11.129869,-0.051463887
Braskereidfoss,60.706254,11.791752,0.029389456
Bratsberg,63.357887,10.447937,-0.3312935
Brattingfoss,64.046234,11.082015,-0.24513787
Brattset,62.802952,10.017076,-0.42874902
Breiava,59.159053,6.612866,0.054366346
Breivikelva,67.054756,14.478863,-0.22814946
Brokke,59.12481,7.5063,-0.3119617
Brulandsfoss,61.435682,5.915368,0.0600824
Brunstad,62.284418,6.67713,-0.30750358
Bruvollelva,64.266277,12.294282,-0.2279916
Brødbølfoss,60.033452,12.371142,-0.23349336
Byafossen,64.038142,11.552689,-0.060736388
Byrkjelo,61.733639,6.508575,-0.0785694
Byrte,59.496878,7.829058,-0.3064556
Båtsvatn,68.090128,17.716649,0.14401773
Bøhnsdalen,60.286995,11.194128,-0.126755
Bøylefoss,58.596229,8.716276,0.027035229
Daja,67.082708,16.055171,-0.2601058
Dale (Volda),62.063379,5.926892,-0.24285142
Dale II,60.581955,5.823857,-0.21491687
Dalelva,60.12831,6.233554,-0.061238337
Dalsfos,58.96678,9.313175,-0.09622047
Dalvatn,59.690494,6.570213,0.015880335
Dauremål,61.829094,5.78213,0.052304406
Deveggåe,60.251962,8.83648,-0.16916662
Dittielva,68.656321,18.784474,-0.17141294
Dividalen,68.875556,19.560557,-0.32700762
Djupdal,59.939501,9.339152,-0.0022171142
Dokka,60.810641,10.135008,0.024111878
Dokkelva,62.679671,8.137279,-0.29375106
Dragefossen,67.023919,15.321611,-0.20450151
Driva,62.627288,8.893746,-0.27599296
Duge,59.128899,6.892177,0.19869126
Duvedalen,60.960885,5.48906,-0.20701076
Dversetelva,67.161093,15.405711,-0.13623205
Dynjanfoss,58.951934,8.394045,0.08267799
Dyrdalselva,61.116097,6.01307,-0.22209787
Dyrnesli,61.204094,5.811217,-0.060821656
Døla,63.951327,11.65664,-0.31853002
Døvikfoss,59.885624,9.909036,0.044703737
Egge,61.683966,6.521126,-0.27067363
Eid,60.720717,9.713376,-0.056971606
Eidefossen,61.8037,9.303697,-0.1201843
Eidsdal,62.225603,7.143688,-0.2964974
Eidsfoss,59.297123,9.219933,0.017415844
Eidsfossen,61.756715,6.245702,-0.062433604
Eikelandsosen,60.255341,5.74083,-0.2891675
Einunna,62.231331,10.342027,-0.05125163
Eiriksdal,61.238651,6.159359,-0.2009884
Ekkjestølen,59.791456,6.767096,-0.16006118
Eldao,61.46122,7.03845,-0.15482205
Eldrevatn,61.01993,8.127023,-0.06606354
Ellenelva,69.380694,19.644744,-0.13977762
Embretsfoss,59.902164,9.925332,-0.09320739
Engeset,62.264103,6.860074,-0.26384377
Evanger,60.662252,6.118739,-0.36449972
Evenstad,58.543204,8.673748,0.06615084
Fagerli,67.116045,16.067266,-0.2661949
Fagervollan,66.375658,13.657311,0.07069105
Fall,60.678333,10.352728,-0.183218
Faslefoss,60.958423,9.300065,-0.2823774
Fausa II,62.357548,6.894803,-0.003428369Rajan 1/2
Fellesanlegget Kykkelsrud-Fossumfoss,59.579898,11.100725,0.036283866
Finndøla,59.187073,8.039687,-0.08947742
Finså,58.65991,6.698752,-0.14123854
Fiskløysa,64.465473,14.03276,-0.26927692
Fivelandselva,59.674717,6.418735,-0.21724014
Fjellet,59.400865,9.550383,-0.069140136
Fjelna,63.199304,9.006507,-0.23942842
Fjone,59.21679,8.451892,-0.03543892
Fjæremsfoss,63.321965,10.436126,-0.10427065
Flatenfoss 2,58.629922,8.688104,0.16953187
Flatenfoss 3,58.629862,8.687982,0.18167666
Flittig,59.323002,9.53647,-0.2135376
Flørli,59.010982,6.445127,0.17490584
Follafoss,63.986371,11.094741,-0.40789977
Follsjå,59.659779,9.213667,-0.23511633
Forneselva,69.596644,19.903016,-0.021310588
Forsanvatn,67.950665,15.654038,-0.19673334
Forsland,66.074163,13.047689,0.05652822
Forså,66.951346,14.2253,0.073620066
Fossan,63.027127,11.70028,-0.1406797
Fossbråten,60.976724,9.295138,-0.30343217
Fossheim,61.579621,6.502653,-0.3813463
Fossmark,58.976905,6.24297,-0.16207193
Framruste,61.937434,7.886853,-0.27843994
Fritzøe,59.052673,10.018279,-0.08303451
Frøland,60.384643,5.806852,-0.13212042
Frøystul,59.824603,8.345011,-0.1479797
Funna,63.440244,11.742539,-0.33968034
Funnefoss,60.167127,11.529376,-0.043071434
Furegardane,60.636372,6.17251,-0.18539202
Furset,62.282863,6.884733,-0.19468994
Fykanvannet,66.796795,14.000749,-0.0056919493
Gamlebrofoss,59.657714,9.651615,0.116294265
Gandvik,70.014732,29.115253,-0.09211739
Gaudøla,62.685993,8.416823,-0.2594628
Gaula,62.802846,11.370119,-0.18901011
Gausbu,59.367561,7.892581,-0.2812943
Gausvik I,68.608998,16.493108,-0.20992227
Geithusfoss,59.928859,9.963443,-0.027144587
Geitåni,60.649557,6.007385,-0.11598451
Gire,60.501992,9.136954,-0.25261322
Gisnafallet,62.694766,9.941145,-0.20626968
Gjerdsvika,62.256071,5.583926,-0.207156
Gjesdal,61.487222,6.120527,-0.19699529
Gjetingsdalen,60.138493,6.240125,-0.26437908
Gjuva,60.929668,8.422985,-0.17877775
Gjønaelva,60.260097,5.865826,-0.20476963
Glomfjord,66.796875,14.000939,-0.001604016
Gosland,60.608276,6.344046,-0.23633072
Govddesåga,66.923648,14.393596,-0.23273377
Grana,62.915995,9.680167,-0.18124373
Gravfoss I,59.931023,9.945466,0.024778781
Gresslifoss,63.053018,11.489542,-0.2927164
Grytendal,65.184825,12.798047,-0.15302199
Grytneselva,62.723486,8.114792,-0.19354896
Gryto,60.414314,6.25049,-0.22682749
Grytten,62.500671,7.776139,-0.23978609
Grytåga,65.803544,12.72901,-0.09652601
Gråsjø,62.933703,9.125257,-0.067970276
Grøa,62.639218,8.730667,-0.3544219
Grønsdal,60.44001,5.860706,-0.30131018
Grønvollfoss,59.658549,9.207749,0.05555512
Grøslandselva,60.417901,9.375481,-0.2834684
Grøvla,61.499777,5.975762,-0.14492366
Gudåa,63.438872,11.616029,-0.24197046
Hafslund,59.274985,11.129381,-0.13492657
Hakavik,59.624806,9.953291,-0.10261521
Hammeren,59.996669,10.749974,-0.23385583
Hanefoss,58.530183,8.334636,-0.085879944
Hardeland H,59.657666,6.096468,-0.1911314
Hardeland K,59.657561,6.096339,-0.18607874
Harpefossen,61.581624,9.842172,-0.16999283
Hatlestad,61.384128,6.737623,-0.03047905
Haugafossen,60.28032,6.264236,-0.19863398
Haugfoss,59.913781,9.885792,-0.12843536
Haukeli,59.732555,7.544277,-0.20248793
Haukland,58.465032,6.544322,-0.15737203
Haukrei,59.204847,7.835123,-0.11458697
Heggmoen,67.355703,14.8518,-0.22783525
Hegsetfoss,63.164753,11.231371,-0.22798462
Hekni,58.996124,7.54686,-0.30118653
Helganes,59.499145,6.57497,-0.32790053
Helgheim,61.561844,6.403492,-0.16810143
Helgåa,62.061383,5.752021,-0.2158433